currency,date,close,open,high,low
BTC,2013-10-01,123.65499,124.30466,124.75166,122.56349
BTC,2013-10-02,125.455,123.65499,125.7585,123.63383
BTC,2013-10-03,108.58483,125.455,125.66566,83.32833
BTC,2013-10-04,118.67466,108.58483,118.675,107.05816
BTC,2013-10-05,121.33866,118.67466,121.93633,118.00566
BTC,2013-10-06,120.65533,121.33866,121.85216,120.5545
BTC,2013-10-07,121.795,120.65533,121.99166,120.43199
BTC,2013-10-08,123.033,121.795,123.64016,121.35066
BTC,2013-10-09,124.049,123.033,124.7835,122.59266
BTC,2013-10-10,125.96116,124.049,128.01683,123.81966
BTC,2013-10-11,125.27966,125.96116,126.43666,124.11383
BTC,2013-10-12,125.9275,125.27966,126.0365,123.12966
BTC,2013-10-13,126.38333,125.9275,126.8965,125.2765
BTC,2013-10-14,135.24199,126.38333,135.24199,126.255
BTC,2013-10-15,133.20333,135.24199,135.69216,130.39275
BTC,2013-10-16,142.76333,133.20333,143.60483,132.94933
BTC,2013-10-17,137.92333,142.76333,145.601,136.01466
BTC,2013-10-18,142.95166,137.92333,144.311,137.53966
BTC,2013-10-19,152.55183,142.95166,152.6685,142.47949
BTC,2013-10-20,160.33883,152.55183,167.07999,152.5135
BTC,2013-10-21,164.31499,160.33883,164.3315,159.89666
BTC,2013-10-22,177.63333,164.31499,177.71166,163.87149
BTC,2013-10-23,188.29716,177.63333,188.82383,177.11399
BTC,2013-10-24,200.70166,188.29716,202.34333,185.81683
BTC,2013-10-25,180.355,200.70166,201.33316,158.72216
BTC,2013-10-26,175.03166,180.355,184.09033,162.56466
BTC,2013-10-27,177.6965,175.03166,180.3185,174.74483
BTC,2013-10-28,187.15983,177.6965,188.3985,174.9035
BTC,2013-10-29,192.75666,187.15983,192.83983,185.88116
BTC,2013-10-30,197.4,192.75666,198.41366,191.62716
BTC,2013-10-31,196.02499,197.4,198.79333,192.83366
BTC,2013-11-01,198.04883,196.02499,198.57,195.02916
BTC,2013-11-02,198.93233,198.04883,199.09783,195.49
BTC,2013-11-03,200.543,198.93233,201.24116,198.71016
BTC,2013-11-04,210.3075,200.543,211.17133,200.296
BTC,2013-11-05,225.02,210.3075,227.02833,209.23333
BTC,2013-11-06,248.25333,225.02,248.32116,221.84833
BTC,2013-11-07,262.32666,248.25333,262.67166,242.95166
BTC,2013-11-08,294.48699,262.32666,294.48749,260.45166
BTC,2013-11-09,331.10325,294.48699,343.67975,293.48749
BTC,2013-11-10,285.8875,331.10325,355.2275,277.25275
BTC,2013-11-11,304.97974,285.8875,323.27249,260.70325
BTC,2013-11-12,338.137,304.97974,339.795,303.6505
BTC,2013-11-13,357.48,338.137,358.94999,336.30775
BTC,2013-11-14,402.954,357.48,409.51,350.20999
BTC,2013-11-15,409.10375,402.954,415.93975,383.5775
BTC,2013-11-16,420.21649,409.10375,427.90425,386.565
BTC,2013-11-17,437.29725,420.21649,437.9695,415.1975
BTC,2013-11-18,510.6025,437.29725,512.16999,436.13324
BTC,2013-11-19,693.65,510.6025,781.82624,491.585
BTC,2013-11-20,531.54249,693.65,716.825,394.90624
BTC,2013-11-21,574.71599,531.54249,580.11375,428.9815
BTC,2013-11-22,681.33,574.71599,705.49725,570.78025
BTC,2013-11-23,774.18,681.33,775.6525,651.89599
BTC,2013-11-24,746.19374,774.18,823.41525,691.6925
BTC,2013-11-25,768.8475,746.19374,787.2475,707.75149
BTC,2013-11-26,789.36475,768.8475,793.71424,739.8375
BTC,2013-11-27,893.1815,789.36475,904.585,787.19
BTC,2013-11-28,934.355,893.1815,965.2525,870.38525
BTC,2013-11-29,1068.363,934.355,1084.9466,912.931
BTC,2013-11-30,1154.92593,1068.363,1157.49894,1028.22683
BTC,2013-12-01,1099.51926,1154.92593,1156.02831,1099.2065
BTC,2013-12-02,1019.78966,1099.51926,1099.70754,783.68616
BTC,2013-12-03,1028.845,1019.78966,1049.67916,929.95483
BTC,2013-12-04,1071.2848,1028.845,1092.83331,1021.177
BTC,2013-12-05,1139.33083,1071.2848,1151.29749,1066.87277
BTC,2013-12-06,1004.61633,1139.33083,1144.36916,870.3838
BTC,2013-12-07,759.43041,1004.61633,1038.55,656.87499
BTC,2013-12-08,689.81,759.43041,826.32766,558.08333
BTC,2013-12-09,841.83966,689.81,845.85092,682.71342
BTC,2013-12-10,916.77599,841.83966,948.68183,809.91748
BTC,2013-12-11,967.42866,916.77599,1004.93666,900.68016
BTC,2013-12-12,866.29003,967.42866,975.62383,832.22683
BTC,2013-12-13,911.23204,866.29003,919.30033,843.4055
BTC,2013-12-14,889.81946,911.23204,933.17016,859.44999
BTC,2013-12-15,848.9975,889.81946,897.30915,848.25583
BTC,2013-12-16,868.95316,848.9975,886.23583,819.43828
BTC,2013-12-17,653.80483,868.95316,876.21516,636.15056
BTC,2013-12-18,654.06266,653.80483,757.02366,647.62209
BTC,2013-12-19,553.69166,654.06266,654.06266,422.497
BTC,2013-12-20,693.05883,553.69166,710.3255,545.53966
BTC,2013-12-21,649.38965,693.05883,733.23666,598.06131
BTC,2013-12-22,595.95883,649.38965,651.8435,580.72816
BTC,2013-12-23,647.68316,595.95883,671.59166,594.36595
BTC,2013-12-24,671.58116,647.68316,685.3675,632.5431
BTC,2013-12-25,659.84333,671.58116,675.614,645.78333
BTC,2013-12-26,702.00083,659.84333,720.22498,651.53
BTC,2013-12-27,758.01016,702.00083,780.93666,698.07
BTC,2013-12-28,734.01166,758.01016,772.90666,723.98666
BTC,2013-12-29,717.92623,734.01166,753.83333,705.1025
BTC,2013-12-30,752.82022,717.92623,759.6362,713.751
BTC,2013-12-31,744.17249,752.82022,763.83,743.7
BTC,2014-01-01,768.40783,744.17249,772.959,733.19433
BTC,2014-01-02,769.09849,768.40783,774.26333,750.52516
BTC,2014-01-03,804.02719,769.09849,826.34166,768.15367
BTC,2014-01-04,813.31748,804.02719,839.85833,798.11833
BTC,2014-01-05,871.11583,813.31748,873.98,808.71666
BTC,2014-01-06,970.65083,871.11583,972.00354,861.25831
BTC,2014-01-07,962.46447,970.65083,1023.16666,914.76666
BTC,2014-01-08,855.75933,962.46447,970.22516,788.70166
BTC,2014-01-09,860.84166,855.75933,886.02916,822.32296
BTC,2014-01-10,847.5325,860.84166,880.64166,814.17054
BTC,2014-01-11,892.26115,847.5325,902.035,837.57458
BTC,2014-01-12,916.69666,892.26115,940.495,876.57666
BTC,2014-01-13,873.27168,916.69666,920.71733,857.73833
BTC,2014-01-14,863.69888,873.27168,873.27168,821.00333
BTC,2014-01-15,853.25666,863.69888,871.11385,839.125
BTC,2014-01-16,874.07416,853.25666,888.88519,853.25666
BTC,2014-01-17,842.19173,874.07416,879.62999,841.27916
BTC,2014-01-18,834.86666,842.19173,854.32827,810.22333
BTC,2014-01-19,838.42916,834.86666,850.56666,834.08333
BTC,2014-01-20,881.87583,838.42916,885.16166,834.77499
BTC,2014-01-21,873.28916,881.87583,882.45166,857.84584
BTC,2014-01-22,874.13266,873.28916,876.14065,861.77833
BTC,2014-01-23,864.56116,874.13266,874.13266,854.05916
BTC,2014-01-24,838.14997,864.56116,866.45964,834.99822
BTC,2014-01-25,834.57416,838.14997,838.26,810.64042
BTC,2014-01-26,858.12641,834.57416,876.24165,833.72638
BTC,2014-01-27,887.08337,858.12641,899.2283,851.74833
BTC,2014-01-28,830.53133,887.08337,887.37698,800.03833
BTC,2014-01-29,832.89496,830.53133,860.24269,798.18333
BTC,2014-01-30,832.87399,832.89496,846.92594,832.25583
BTC,2014-01-31,841.48914,832.87399,855.86653,816.05635
BTC,2014-02-01,847.36383,841.48914,852.3975,839.53166
BTC,2014-02-02,854.7225,847.36383,869.4796,843.35344
BTC,2014-02-03,856.03366,854.7225,882.43124,850.30816
BTC,2014-02-04,847.70697,856.03366,856.03366,842.73749
BTC,2014-02-05,844.28836,847.70697,852.26152,839.72962
BTC,2014-02-06,802.75333,844.28836,846.35105,793.63344
BTC,2014-02-07,748.43559,802.75333,815.79724,738.61499
BTC,2014-02-08,692.66914,748.43559,758.33833,658.83333
BTC,2014-02-09,668.86463,692.66914,721.64138,657.87721
BTC,2014-02-10,700.44843,668.86463,711.97109,662.74428
BTC,2014-02-11,694.3125,700.44843,702.36822,535.55166
BTC,2014-02-12,665.7975,694.3125,710.6525,635.23249
BTC,2014-02-13,645.615,665.7975,671.9975,633.395
BTC,2014-02-14,578.4125,645.615,653.355,532.3125
BTC,2014-02-15,641.91,578.4125,696.75,553.075
BTC,2014-02-16,656.2725,641.91,657.99749,626.80499
BTC,2014-02-17,611.04499,656.2725,657.2725,576.025
BTC,2014-02-18,634.99,611.04499,653.75,603.0675
BTC,2014-02-19,618.79,634.99,641.37249,607.9425
BTC,2014-02-20,619.8425,618.79,625.4225,612.5025
BTC,2014-02-21,545.7625,619.8425,620.84,525.0725
BTC,2014-02-22,561.535,545.7625,581.24,538.12249
BTC,2014-02-23,622.22,561.535,622.22,554.3525
BTC,2014-02-24,572.7675,622.22,637.5025,567.5
BTC,2014-02-25,501.155,572.7675,583.135,492.8925
BTC,2014-02-26,550.6025,501.155,562.54499,418.755
BTC,2014-02-27,573.1025,550.6025,599.505,548.98749
BTC,2014-02-28,567.2925,573.1025,583.7825,558.2225
BTC,2014-03-01,551.73,567.2925,570.7875,535.87
BTC,2014-03-02,560.195,551.73,570.0025,548.7825
BTC,2014-03-03,567.7,560.195,568.275,550.74749
BTC,2014-03-04,666.1475,567.7,681.615,562.3025
BTC,2014-03-05,660.84,666.1475,698.05,653.525
BTC,2014-03-06,662.0225,660.84,666.3275,643.525
BTC,2014-03-07,651.285,662.0225,663.74,644.345
BTC,2014-03-08,612.33,651.285,653.98249,611.02
BTC,2014-03-09,611.1625,612.33,626.25,600.99249
BTC,2014-03-10,637.615,611.1625,644.8825,610.0675
BTC,2014-03-11,626,637.615,642.5275,610.995
BTC,2014-03-12,633.74749,626,645.75,615.2725
BTC,2014-03-13,631.755,633.74749,639.5375,627.3925
BTC,2014-03-14,636.41414,631.755,641.66999,631.315
BTC,2014-03-15,628.18751,636.41414,636.75668,624.77166
BTC,2014-03-16,632.95333,628.18751,636,625.54183
BTC,2014-03-17,630.34833,632.95333,635.24333,627.48
BTC,2014-03-18,617.24333,630.34833,630.77666,616.17333
BTC,2014-03-19,616.86665,617.24333,621.47168,599.75998
BTC,2014-03-20,601.015,616.86665,621.18353,601.00996
BTC,2014-03-21,581.33333,601.015,604.52831,579.55331
BTC,2014-03-22,570.36168,581.33333,605.15331,563.46166
BTC,2014-03-23,562.95333,570.36168,571.86663,550.60331
BTC,2014-03-24,557.16833,562.95333,570.33081,551.16331
BTC,2014-03-25,573.34998,557.16833,587.98666,552.12997
BTC,2014-03-26,572.49161,573.34998,585.57499,570.43831
BTC,2014-03-27,570.54833,572.49161,589.95497,561.61165
BTC,2014-03-28,509.70665,570.54833,571.57667,471.01833
BTC,2014-03-29,499.24998,509.70665,525.16333,487.16333
BTC,2014-03-30,486.80845,499.24998,504.21231,483.5116
BTC,2014-03-31,472.4783,486.80845,486.80845,443.26166
BTC,2014-04-01,464.88,472.4783,472.4783,442.19166
BTC,2014-04-02,480.16581,464.88,500.64066,459.6783
BTC,2014-04-03,427.87498,480.16581,494.98333,419.705
BTC,2014-04-04,432.99716,427.87498,456.34863,414.41333
BTC,2014-04-05,453.87148,432.99716,455.99333,428.63
BTC,2014-04-06,462.445,453.87148,465.63773,444.13629
BTC,2014-04-07,456.46948,462.445,466.475,450.80566
BTC,2014-04-08,452.81,456.46948,458.925,443.71861
BTC,2014-04-09,450.48083,452.81,456.88188,446.71668
BTC,2014-04-10,426.98333,450.48083,453.06422,423.82189
BTC,2014-04-11,374.59166,426.98333,427.5385,344.22166
BTC,2014-04-12,438.24666,374.59166,438.24666,374.59166
BTC,2014-04-13,423.51566,438.24666,438.91098,413.08833
BTC,2014-04-14,409.03166,423.51566,425.68516,394.1018
BTC,2014-04-15,455.28316,409.03166,470.95333,406.85585
BTC,2014-04-16,517.09666,455.28316,524.80583,454.18166
BTC,2014-04-17,522.455,517.09666,543.31749,493.08333
BTC,2014-04-18,490.8785,522.455,529.29783,481.45501
BTC,2014-04-19,469.38332,490.8785,497.77333,468.16166
BTC,2014-04-20,507.80663,469.38332,511.76836,467.81668
BTC,2014-04-21,505.09665,507.80663,510.83165,489.18038
BTC,2014-04-22,497.65001,505.09665,507.44998,488.875
BTC,2014-04-23,487.84,497.65001,498.59166,482.73666
BTC,2014-04-24,487.11333,487.84,489.32333,480.58666
BTC,2014-04-25,469.08816,487.11333,500.62333,468.98333
BTC,2014-04-26,448.77834,469.08816,472.48499,440.13883
BTC,2014-04-27,452.14829,448.77834,463.18666,448.50008
BTC,2014-04-28,426.78166,452.14829,457.45584,423.40166
BTC,2014-04-29,432.60498,426.78166,445.73085,421.07659
BTC,2014-04-30,444.85668,432.60498,449.08171,431.00828
BTC,2014-05-01,454.55666,444.85668,455.43,432.97666
BTC,2014-05-02,453.59833,454.55666,459.42666,447.27006
BTC,2014-05-03,441.97833,453.59833,453.59833,439.90333
BTC,2014-05-04,438.29035,441.97833,443.36661,428.51808
BTC,2014-05-05,432.78748,438.29035,438.44883,428.51836
BTC,2014-05-06,418.61831,432.78748,434.35831,418.55791
BTC,2014-05-07,428.42593,418.61831,431.33331,418.01666
BTC,2014-05-08,442.57666,428.42593,446.35999,423.11181
BTC,2014-05-09,439.04,442.57666,445.01666,434.30833
BTC,2014-05-10,449.04333,439.04,451.24499,438.06666
BTC,2014-05-11,449.74166,449.04333,453.54333,446.21333
BTC,2014-05-12,434.27,449.74166,450.04166,430.33333
BTC,2014-05-13,437,434.27,440.21333,431.515
BTC,2014-05-14,438.88,437,439.51833,433.13333
BTC,2014-05-15,445.045,438.88,445.89666,438.88
BTC,2014-05-16,443.18,445.045,447.74499,441.73333
BTC,2014-05-17,445.60666,443.18,447.15166,442.29
BTC,2014-05-18,445.15666,445.60666,446.48,443.78166
BTC,2014-05-19,444.73833,445.15666,446.18166,442.35
BTC,2014-05-20,455.65333,444.73833,458.23333,442.05333
BTC,2014-05-21,489.86999,455.65333,494.21,450.16333
BTC,2014-05-22,490.18666,489.86999,494.46166,487.63
BTC,2014-05-23,522.31,490.18666,535.09,487.815
BTC,2014-05-24,512.30833,522.31,543.095,511.97333
BTC,2014-05-25,533.92999,512.30833,535.725,511.69833
BTC,2014-05-26,579.59333,533.92999,589.945,533.13
BTC,2014-05-27,581.51,579.59333,589.78166,575.84
BTC,2014-05-28,572.44833,581.51,591.24166,549.62
BTC,2014-05-29,562.4,572.44833,576.55666,560.415
BTC,2014-05-30,571.845,562.4,573.27,556.28166
BTC,2014-05-31,612.12666,571.845,622.50666,566.69666
BTC,2014-06-01,638.16333,612.12666,638.94666,610.82499
BTC,2014-06-02,634.98333,638.16333,676.60333,620.585
BTC,2014-06-03,660.24666,634.98333,667.19333,610.99333
BTC,2014-06-04,627.79833,660.24666,675.73833,617.78666
BTC,2014-06-05,642.89166,627.79833,650.76333,624.965
BTC,2014-06-06,652.52666,642.89166,664.97833,639.42833
BTC,2014-06-07,648.60166,652.52666,657.94166,635.85166
BTC,2014-06-08,652.59166,648.60166,656.84666,646.63166
BTC,2014-06-09,652.11,652.59166,655.015,649.41333
BTC,2014-06-10,644.085,652.11,653.34666,637.57833
BTC,2014-06-11,642.00666,644.085,657.97,640.465
BTC,2014-06-12,632.55,642.00666,646.385,624.16166
BTC,2014-06-13,585.48333,632.55,633.66166,562.59
BTC,2014-06-14,588.52333,585.48333,613.465,584.635
BTC,2014-06-15,570.28833,588.52333,590.76166,541.19333
BTC,2014-06-16,589.06666,570.28833,593.54833,551.31
BTC,2014-06-17,592.25666,589.06666,606.82166,585.685
BTC,2014-06-18,610.41333,592.25666,613.99166,590.18833
BTC,2014-06-19,601.88666,610.41333,612.85666,599.72333
BTC,2014-06-20,594.09333,601.88666,605.93833,590.16999
BTC,2014-06-21,582.04499,594.09333,595.21666,581.18833
BTC,2014-06-22,599.57,582.04499,603.205,581.68666
BTC,2014-06-23,592.405,599.57,602.82833,591.495
BTC,2014-06-24,584.64166,592.405,593.255,580.84
BTC,2014-06-25,575.905,584.64166,588.78,570.47166
BTC,2014-06-26,571.76666,575.905,576.03166,558.58333
BTC,2014-06-27,582.43166,571.76666,584.16333,565.91833
BTC,2014-06-28,597.66833,582.43166,600.72,576.24833
BTC,2014-06-29,598.73333,597.66833,604.33833,591.205
BTC,2014-06-30,597.51333,598.73333,600.54166,588.98
BTC,2014-07-01,647.12249,597.51333,647.12249,597.04499
BTC,2014-07-02,637.85625,647.12249,654.76874,627.77125
BTC,2014-07-03,642.65125,637.85625,653.65875,635.17999
BTC,2014-07-04,643.95124,642.65125,646.88375,635.26625
BTC,2014-07-05,628.41625,643.95124,644.18125,625.80125
BTC,2014-07-06,631.03,628.41625,635.89874,624.50125
BTC,2014-07-07,631.29875,631.03,632.575,627.43125
BTC,2014-07-08,621.24249,631.29875,633.0625,612.2625
BTC,2014-07-09,620.72,621.24249,621.74749,616.19625
BTC,2014-07-10,621.3075,620.72,624.01,616.165
BTC,2014-07-11,616.83124,621.3075,621.4675,609.4275
BTC,2014-07-12,634.35749,616.83124,636.61875,613.94875
BTC,2014-07-13,627.69,634.35749,635.04625,625.99249
BTC,2014-07-14,621.42499,627.69,634.12,621.28
BTC,2014-07-15,618.73875,621.42499,623.24749,615.9775
BTC,2014-07-16,619.8075,618.73875,622.46124,617.84124
BTC,2014-07-17,614.68875,619.8075,620.45,612.87625
BTC,2014-07-18,623.49749,614.68875,627.04625,611.75
BTC,2014-07-19,623.99625,623.49749,628.54499,616.475
BTC,2014-07-20,623.00625,623.99625,626.80875,621.365
BTC,2014-07-21,617.96124,623.00625,623.97375,617.38375
BTC,2014-07-22,622.10749,617.96124,622.20624,616.73375
BTC,2014-07-23,618.4475,622.10749,622.49125,617.945
BTC,2014-07-24,617.6875,618.4475,619.92375,616.93375
BTC,2014-07-25,602.93125,617.6875,618.26374,591.455
BTC,2014-07-26,597.585,602.93125,605.98125,593.5875
BTC,2014-07-27,592.96375,597.585,598.15625,590.17625
BTC,2014-07-28,580.11,592.96375,595.87875,579.15125
BTC,2014-07-29,585.44875,580.11,622.93125,511.66375
BTC,2014-07-30,580.5175,585.44875,586.625,577.58124
BTC,2014-07-31,564.57,580.5175,581.28125,559.62249
BTC,2014-08-01,583.39,564.57,587.96,564.57
BTC,2014-08-02,593.80625,583.39,601.835,582.61
BTC,2014-08-03,581.52,593.80625,594.16875,580.22625
BTC,2014-08-04,585.80125,581.52,588.20375,578.20875
BTC,2014-08-05,582.33375,585.80125,592.83624,581.84375
BTC,2014-08-06,582.52125,582.33375,586.70875,579.83624
BTC,2014-08-07,583.62375,582.52125,586.8775,578.80125
BTC,2014-08-08,595.80875,583.62375,598.76874,581.7175
BTC,2014-08-09,585.39625,595.80875,596.385,585.23125
BTC,2014-08-10,586.05875,585.39625,588.99749,584.89
BTC,2014-08-11,588.7525,586.05875,593.6975,585.695
BTC,2014-08-12,566.31625,588.7525,588.7525,564.91999
BTC,2014-08-13,565.55125,566.31625,573.31375,562.8375
BTC,2014-08-14,534.54,565.55125,565.73,524.33
BTC,2014-08-15,511.4725,534.54,534.57875,495.26
BTC,2014-08-16,487.56625,511.4725,515.36,483.475
BTC,2014-08-17,516.62625,487.56625,522.19,484.215
BTC,2014-08-18,489.4675,516.62625,516.95375,482.85875
BTC,2014-08-19,455.91625,489.4675,491.965,435.59875
BTC,2014-08-20,472.91,455.91625,488.52625,455.83375
BTC,2014-08-21,519.015,472.91,532.7675,464.39625
BTC,2014-08-22,508.12875,519.015,526.78625,506.63625
BTC,2014-08-23,507.51,508.12875,522.19375,500.03625
BTC,2014-08-24,501.63125,507.51,509.285,490.61
BTC,2014-08-25,503.32125,501.63125,513.375,496.2525
BTC,2014-08-26,504.62625,503.32125,506.19875,497.67625
BTC,2014-08-27,513.39125,504.62625,514.85375,503.22625
BTC,2014-08-28,514.62375,513.39125,521.34875,509.58875
BTC,2014-08-29,506.025,514.62375,515.78375,505.46125
BTC,2014-08-30,504.70625,506.025,512.28,502.4225
BTC,2014-08-31,502.055,504.70625,505.585,499.49875
BTC,2014-09-01,474.5425,502.055,502.54375,474.09125
BTC,2014-09-02,477.98375,474.5425,485.94,471.12375
BTC,2014-09-03,476.88375,477.98375,483.305,470.88375
BTC,2014-09-04,475.65,476.88375,479.59875,473.87875
BTC,2014-09-05,485.65125,475.65,494.03625,475.10375
BTC,2014-09-06,480.9075,485.65125,489.5875,478.82625
BTC,2014-09-07,481.88375,480.9075,484.8225,479.78
BTC,2014-09-08,473.58625,481.88375,485.37,471.99875
BTC,2014-09-09,468.5775,473.58625,478.3925,464.52
BTC,2014-09-10,474.29125,468.5775,478.03375,464.65625
BTC,2014-09-11,479.4175,474.29125,487.20625,474.29125
BTC,2014-09-12,473.6725,479.4175,480.3975,471.16625
BTC,2014-09-13,471.5325,473.6725,476.02125,467.1125
BTC,2014-09-14,475.37875,471.5325,479.2275,470.97125
BTC,2014-09-15,475.02125,475.37875,477.78375,473.335
BTC,2014-09-16,471.08375,475.02125,476.43625,468.3875
BTC,2014-09-17,464.55375,471.08375,472.42125,461.65625
BTC,2014-09-18,449.95875,464.55375,465.32375,446.705
BTC,2014-09-19,425.4475,449.95875,451.36625,405.18375
BTC,2014-09-20,410.08,425.4475,426.48125,380.745
BTC,2014-09-21,405.79625,410.08,422.99125,401.93375
BTC,2014-09-22,399.0975,405.79625,405.79625,390.7875
BTC,2014-09-23,399.5025,399.0975,405.245,394.59125
BTC,2014-09-24,427.8125,399.5025,443.6875,391.45625
BTC,2014-09-25,416.12,427.8125,431.79,412.89875
BTC,2014-09-26,410.15,416.12,418.56,406.60125
BTC,2014-09-27,403.4975,410.15,411.04,396.04375
BTC,2014-09-28,398.84,403.4975,405.205,394.14
BTC,2014-09-29,377.97875,398.84,398.8675,370.05625
BTC,2014-09-30,376.08375,377.97875,385.71375,369.125
BTC,2014-10-01,387.94,376.08375,393.98,373.77625
BTC,2014-10-02,381.7475,387.94,390.35375,377.6
BTC,2014-10-03,372.0575,381.7475,382.77125,369.24875
BTC,2014-10-04,360.7525,372.0575,374.555,353.80125
BTC,2014-10-05,335.98125,360.7525,362.13,321.86375
BTC,2014-10-06,308.07875,335.98125,337.22375,286.36874
BTC,2014-10-07,337.23375,308.07875,343.51,304.6875
BTC,2014-10-08,326.2325,337.23375,338.76,316.71749
BTC,2014-10-09,351.34625,326.2325,355.73875,325.51375
BTC,2014-10-10,368.59625,351.34625,382.66625,347.19
BTC,2014-10-11,359.2025,368.59625,374.90375,351.54
BTC,2014-10-12,356.99875,359.2025,363.73375,350.48625
BTC,2014-10-13,371.15625,356.99875,377.92125,352.45375
BTC,2014-10-14,392.7825,371.15625,394.5675,366.7275
BTC,2014-10-15,396.34625,392.7825,409.73375,390.89375
BTC,2014-10-16,392.56625,396.34625,397.48375,386.385
BTC,2014-10-17,376.26875,392.56625,393.36375,369.29375
BTC,2014-10-18,378.675,376.26875,382.7,371.83375
BTC,2014-10-19,390.95875,378.675,392.87125,376.21125
BTC,2014-10-20,381.72375,390.95875,391.365,381.72375
BTC,2014-10-21,380.0575,381.72375,383.8175,377.025
BTC,2014-10-22,382.93875,380.0575,388.965,377.90937
BTC,2014-10-23,376.59,382.93875,383.8075,376.59
BTC,2014-10-24,351.7825,376.59,376.59,351.25625
BTC,2014-10-25,353.6325,351.7825,360.555,351.12
BTC,2014-10-26,345.1925,353.6325,355.545,339.92625
BTC,2014-10-27,350.9775,345.1925,357.86875,345.1925
BTC,2014-10-28,349.79625,350.9775,355.53125,346.00125
BTC,2014-10-29,348.9025,349.79625,354.6925,346.82875
BTC,2014-10-30,335.53625,348.9025,351.84875,332.49874
BTC,2014-10-31,343.55875,335.53625,350.41375,332.73375
BTC,2014-11-01,338.0105,343.55875,346.26625,335.50367
BTC,2014-11-02,325.22633,338.0105,338.1295,319.367
BTC,2014-11-03,331.60083,325.22633,333.75983,319.0435
BTC,2014-11-04,324.71833,331.60083,332.75133,323.06333
BTC,2014-11-05,332.45666,324.71833,335.81166,320.93333
BTC,2014-11-06,336.585,332.45666,341.49,328.56166
BTC,2014-11-07,346.775,336.585,351.575,336.02833
BTC,2014-11-08,344.81166,346.775,351.295,339.86
BTC,2014-11-09,343.065,344.81166,345.625,340.63
BTC,2014-11-10,358.50166,343.065,363.85333,342.325
BTC,2014-11-11,368.07666,358.50166,374.71166,357.98
BTC,2014-11-12,376.99666,368.07666,380.52,360.49166
BTC,2014-11-13,442.10666,376.99666,442.37166,376.98666
BTC,2014-11-14,389.00333,442.10666,458.05166,385.675
BTC,2014-11-15,394.92666,389.00333,412.20666,381.855
BTC,2014-11-16,377.08,394.92666,397.02666,368.45
BTC,2014-11-17,400.47166,377.08,404.445,376.615
BTC,2014-11-18,384.93,400.47166,410.17,375.47833
BTC,2014-11-19,375.83333,384.93,389.35999,369.515
BTC,2014-11-20,376.16,375.83333,385.06,371.71833
BTC,2014-11-21,348.565,376.16,377.63,347.51333
BTC,2014-11-22,352.42,348.565,355.835,341.93
BTC,2014-11-23,356.8,352.42,363.70166,351.06833
BTC,2014-11-24,367.83,356.8,371.24166,353.475
BTC,2014-11-25,381.20666,367.83,388.67666,364.89
BTC,2014-11-26,375.498,381.20666,393.06333,369.851
BTC,2014-11-27,372.819,375.498,377.667,365.265
BTC,2014-11-28,368.983,372.819,373.272,367.401
BTC,2014-11-29,375.44,368.983,381.554,358.018
BTC,2014-11-30,376.851,375.44,385.537,372.332
BTC,2014-12-01,376.13218,376.851,381.582,374.492
BTC,2014-12-02,377.862,376.13218,382.602,376.082
BTC,2014-12-03,382.452,377.862,383.719,377.85311
BTC,2014-12-04,376.382,382.452,383.008,373.9132
BTC,2014-12-05,368.3618,376.382,378.106,365.543
BTC,2014-12-06,373.414,368.3618,378.235,367.6398
BTC,2014-12-07,373.744,373.414,375.501,370.93
BTC,2014-12-08,373.155,373.744,375.849,373.059
BTC,2014-12-09,357.884,373.155,373.7,356.069
BTC,2014-12-10,348.898,357.884,358.097,344.198
BTC,2014-12-11,341.041,348.898,351.242,337.632
BTC,2014-12-12,348.272,341.041,361.003,340.081
BTC,2014-12-13,346.742,348.272,353.846,345.851
BTC,2014-12-14,347.348,346.742,348.36,345.363
BTC,2014-12-15,348.674,347.348,353.14099,346.519
BTC,2014-12-16,338.547,348.674,349.745,337.79
BTC,2014-12-17,330.536,338.547,339.901,323.77499
BTC,2014-12-18,317.405,330.536,331.281,314.438
BTC,2014-12-19,306.45999,317.405,317.405,304.225
BTC,2014-12-20,319.196,306.45999,320.19099,306.45999
BTC,2014-12-21,321.89299,319.196,330.77,319.196
BTC,2014-12-22,320.03499,321.89299,324.993,317.58299
BTC,2014-12-23,328.701,320.03499,332.466,318.975
BTC,2014-12-24,332.053,328.701,335.903,328.053
BTC,2014-12-25,321.386,332.053,332.821,317.734
BTC,2014-12-26,318.563,321.386,321.685,316.13
BTC,2014-12-27,320.868,318.563,330.467,318.494
BTC,2014-12-28,316.009,320.868,321.556,312.007
BTC,2014-12-29,315.64,316.009,319.63099,310.541
BTC,2014-12-30,313.994,315.64,317.552,311.705
BTC,2014-12-31,309.903,313.994,314.467,308.812
BTC,2015-01-01,317.204,309.903,319.559,309.661
BTC,2015-01-02,314.49899,317.204,317.31599,312.567
BTC,2015-01-03,311.14099,314.49899,315.56599,310.156
BTC,2015-01-04,277.853,311.14099,312.288,275.952
BTC,2015-01-05,270.813,277.853,286.243,257.022
BTC,2015-01-06,272.0175,270.813,277.97199,265.24
BTC,2015-01-07,283.84125,272.0175,286.95999,271.67874
BTC,2015-01-08,290.485,283.84125,300.24124,283.68
BTC,2015-01-09,281.03625,290.485,291.40499,280.365
BTC,2015-01-10,286.688,281.03625,291.2475,280.92375
BTC,2015-01-11,277.64999,286.688,287.87,272.82399
BTC,2015-01-12,268.10199,277.64999,277.64999,263.834
BTC,2015-01-13,243.081,268.10199,271.774,243.081
BTC,2015-01-14,219.128,243.081,249.04299,216.356
BTC,2015-01-15,193.3511,219.128,219.973,170.084
BTC,2015-01-16,220.5745,193.3511,229.3059,192.0803
BTC,2015-01-17,209.1655,220.5745,222.0138,199.1781
BTC,2015-01-18,195.59467,209.1655,209.3242,194.9578
BTC,2015-01-19,212.2711,195.59467,218.9848,194.5501
BTC,2015-01-20,211.5401,212.2711,216.6805,206.6594
BTC,2015-01-21,212.28249,211.5401,214.66619,204.8001
BTC,2015-01-22,230.6754,212.28249,236.83589,210.8765
BTC,2015-01-23,226.30419,230.6754,236.34609,224.3954
BTC,2015-01-24,231.4242,226.30419,235.02849,224.9847
BTC,2015-01-25,251.606,231.4242,254.98829,231.4242
BTC,2015-01-26,283.59769,251.606,290.8877,243.305
BTC,2015-01-27,258.5374,283.59769,307.9664,254.225
BTC,2015-01-28,257.447,258.5374,268.022,250.9381
BTC,2015-01-29,235.948,257.447,262.7574,225.266
BTC,2015-01-30,233.141,235.948,237.463,220.1002
BTC,2015-01-31,226.94116,233.141,242.724,225.08875
BTC,2015-02-01,216.66066,226.94116,233.52791,215.00708
BTC,2015-02-02,229.80441,216.66066,231.91775,211.53066
BTC,2015-02-03,237.65175,229.80441,242.31883,222.218
BTC,2015-02-04,225.83858,237.65175,246.1851,224.10733
BTC,2015-02-05,226.554,225.83858,230.02183,220.71741
BTC,2015-02-06,219.75625,226.554,227.40666,214.65725
BTC,2015-02-07,225.46666,219.75625,226.18658,216.36516
BTC,2015-02-08,225.73291,225.46666,230.15883,222.82991
BTC,2015-02-09,222.78408,225.73291,229.33333,219.96391
BTC,2015-02-10,220.16725,222.78408,223.94616,217.08533
BTC,2015-02-11,223.00366,220.16725,223.5535,215.45466
BTC,2015-02-12,218.72833,223.00366,223.00924,218.27583
BTC,2015-02-13,223.96716,218.72833,224.00924,217.61941
BTC,2015-02-14,237.65716,223.96716,240.23908,223.13041
BTC,2015-02-15,256.21758,237.65716,261.66275,237.26424
BTC,2015-02-16,230.1355,256.21758,267.34908,226.90608
BTC,2015-02-17,235.71275,230.1355,239.58716,229.83233
BTC,2015-02-18,242.93183,235.71275,246.13708,234.99991
BTC,2015-02-19,237.1035,242.93183,243.79491,231.74658
BTC,2015-02-20,241.07183,237.1035,243.11,235.63558
BTC,2015-02-21,245.70566,241.07183,247.13699,241.07183
BTC,2015-02-22,245.145,245.70566,246.45508,243.00916
BTC,2015-02-23,235.14141,245.145,245.70399,233.06841
BTC,2015-02-24,238.93183,235.14141,239.62416,231.77475
BTC,2015-02-25,238.15225,238.93183,239.36141,235.74258
BTC,2015-02-26,235.67716,238.15225,238.56583,233.85925
BTC,2015-02-27,251.28908,235.67716,251.28908,234.44633
BTC,2015-02-28,251.03416,251.28908,257.50475,246.14616
BTC,2015-03-01,251.9314,251.03416,254.18825,250.58558
BTC,2015-03-02,258.8485,251.9314,260.63639,244.9732
BTC,2015-03-03,270.7625,258.8485,272.46819,257.5751
BTC,2015-03-04,278.1172,270.7625,286.282,267.03699
BTC,2015-03-05,269.2606,278.1172,283.3832,266.469
BTC,2015-03-06,274.8977,269.2606,280.3962,263.627
BTC,2015-03-07,270.86109,274.8977,275.54309,269.3872
BTC,2015-03-08,276.72789,270.86109,277.7033,270.86109
BTC,2015-03-09,277.98519,276.72789,278.5315,271.9756
BTC,2015-03-10,294.1886,277.98519,296.4732,276.89909
BTC,2015-03-11,289.7149,294.1886,300.34,288.5597
BTC,2015-03-12,292.8678,289.7149,296.744,288.8829
BTC,2015-03-13,293.224,292.8678,296.73899,291.8317
BTC,2015-03-14,282.644,293.224,293.9851,281.02229
BTC,2015-03-15,283.0809,282.644,286.19169,280.2655
BTC,2015-03-16,290.61579,283.0809,291.1669,282.4696
BTC,2015-03-17,290.542,290.61579,293.9259,288.934
BTC,2015-03-18,283.7507,290.542,291.754,282.6035
BTC,2015-03-19,252.44789,283.7507,284.4759,246.7832
BTC,2015-03-20,263.4741,252.44789,264.23519,250.6699
BTC,2015-03-21,259.913,263.4741,263.4741,258.38829
BTC,2015-03-22,259.3943,259.913,262.136,254.7868
BTC,2015-03-23,267.5549,259.3943,269.9758,259.328
BTC,2015-03-24,265.273,267.5549,270.0403,260.6465
BTC,2015-03-25,246.6733,265.273,265.7907,242.8803
BTC,2015-03-26,245.6489,246.6733,249.2025,236.0453
BTC,2015-03-27,246.5497,245.6489,254.4384,244.3759
BTC,2015-03-28,248.4467,246.5497,249.2089,246.0461
BTC,2015-03-29,246.728,248.4467,254.1074,246.0068
BTC,2015-03-30,245.1133,246.728,247.6292,236.4428
BTC,2015-03-31,247.2639,245.1133,248.5962,242.278
BTC,2015-04-01,243.3028,247.2639,247.8894,241.1402
BTC,2015-04-02,246.96,243.3028,247.9642,240.1261
BTC,2015-04-03,252.0578,246.96,254.1979,244.2932
BTC,2015-04-04,253.4334,252.0578,255.755,251.168
BTC,2015-04-05,252.0256,253.4334,253.796,250.33675
BTC,2015-04-06,260.3589,252.0256,261.1468,251.12063
BTC,2015-04-07,252.0909,260.3589,260.404,251.08688
BTC,2015-04-08,252.8629,252.0909,255.2263,251.73675
BTC,2015-04-09,244.0449,252.8629,253.0569,242.592
BTC,2015-04-10,240.9478,244.0449,244.9784,237.9013
BTC,2015-04-11,236.4388,240.9478,241.8075,231.7809
BTC,2015-04-12,236.5542,236.4388,237.3163,233.41963
BTC,2015-04-13,235.522,236.5542,236.7432,232.6473
BTC,2015-04-14,222.6009,235.522,236.7879,220.5774
BTC,2015-04-15,220.9126,222.6009,222.6009,215.4597
BTC,2015-04-16,226.0171,220.9126,226.5496,218.55975
BTC,2015-04-17,227.9255,226.0171,229.2841,224.729
BTC,2015-04-18,223.317,227.9255,228.0318,221.1092
BTC,2015-04-19,223.4062,223.317,223.8713,220.1168
BTC,2015-04-20,223.9214,223.4062,226.1347,221.126
BTC,2015-04-21,224.9815,223.9214,226.2222,221.91625
BTC,2015-04-22,235.50369,224.9815,236.685,223.70388
BTC,2015-04-23,234.15749,235.50369,238.16109,232.4405
BTC,2015-04-24,233.40079,234.15749,236.3318,231.8257
BTC,2015-04-25,228.92379,233.40079,233.8944,228.4377
BTC,2015-04-26,219.94549,228.92379,229.5635,218.0493
BTC,2015-04-27,219.19029,219.94549,220.2149,214.2754
BTC,2015-04-28,227.3867,219.19029,232.3386,217.4964
BTC,2015-04-29,225.3545,227.3867,227.3867,222.8689
BTC,2015-04-30,225.9976,225.3545,226.919,223.2127
BTC,2015-05-01,236.6827,225.9976,239.6384,225.9976
BTC,2015-05-02,233.8511,236.6827,239.3447,231.9123
BTC,2015-05-03,236.2378,233.8511,236.92579,232.4931
BTC,2015-05-04,240.3646,236.2378,243.6192,236.176
BTC,2015-05-05,235.6033,240.3646,242.8279,235.5146
BTC,2015-05-06,235.6017,235.6033,236.87849,231.9009
BTC,2015-05-07,230.4207,235.6017,236.1943,228.903
BTC,2015-05-08,237.059,230.4207,239.9257,228.92579
BTC,2015-05-09,244.6989,237.059,245.9108,236.09099
BTC,2015-05-10,241.516,244.6989,247.7286,238.835
BTC,2015-05-11,239.4036,241.516,244.2782,237.76
BTC,2015-05-12,240.00079,239.4036,244.06689,238.778
BTC,2015-05-13,241.3529,240.00079,242.2739,239.5551
BTC,2015-05-14,235.5478,241.3529,243.5782,234.1023
BTC,2015-05-15,237.5737,235.5478,238.3988,233.2737
BTC,2015-05-16,236.657,237.5737,238.6384,235.6425
BTC,2015-05-17,236.339,236.657,237.1959,234.6809
BTC,2015-05-18,236.2319,236.339,237.56239,235.4227
BTC,2015-05-19,233.3119,236.2319,236.6813,231.721
BTC,2015-05-20,232.7193,233.3119,234.003,231.74769
BTC,2015-05-21,234.204,232.7193,234.89,231.7217
BTC,2015-05-22,235.86329,234.204,236.4532,233.98229
BTC,2015-05-23,240.1588,235.86329,241.4041,235.1463
BTC,2015-05-24,239.7985,240.1588,241.4541,238.7252
BTC,2015-05-25,240.9415,239.7985,242.6293,238.99
BTC,2015-05-26,237.6588,240.9415,241.5843,236.6709
BTC,2015-05-27,237.1844,237.6588,238.7259,235.69699
BTC,2015-05-28,237.6708,237.1844,238.7449,236.4294
BTC,2015-05-29,237.2277,237.6708,237.896,236.5359
BTC,2015-05-30,236.1404,237.2277,237.4219,235.4436
BTC,2015-05-31,233.3328,236.1404,236.4621,231.987
BTC,2015-06-01,230.8331,233.3328,233.3848,229.1247
BTC,2015-06-02,223.415,230.8331,231.78,221.707
BTC,2015-06-03,226.6168,223.415,227.0337,222.851
BTC,2015-06-04,225.444,226.6168,227.3892,223.8011
BTC,2015-06-05,223.9665,225.444,226.4761,223.8567
BTC,2015-06-06,224.2525,223.9665,226.0275,223.081
BTC,2015-06-07,225.8403,224.2525,226.2012,224.2225
BTC,2015-06-08,223.69459,225.8403,226.3259,222.81329
BTC,2015-06-09,228.1884,223.69459,229.769,223.69459
BTC,2015-06-10,229.2025,228.1884,231.1578,227.9487
BTC,2015-06-11,229.9599,229.2025,230.1489,227.9753
BTC,2015-06-12,229.9082,229.9599,230.3864,229.3223
BTC,2015-06-13,230.6695,229.9082,231.5507,229.4188
BTC,2015-06-14,233.1445,230.6695,233.1445,230.1699
BTC,2015-06-15,234.7473,233.1445,235.5255,232.9418
BTC,2015-06-16,237.39899,234.7473,238.5994,234.4622
BTC,2015-06-17,248.7435,237.39899,254.09699,237.1618
BTC,2015-06-18,247.2359,248.7435,257.8739,246.3936
BTC,2015-06-19,249.0733,247.2359,251.6709,243.46999
BTC,2015-06-20,240.7897,249.0733,250.55569,240.3996
BTC,2015-06-21,244.15625,240.7897,246.4702,239.5589
BTC,2015-06-22,244.9588,244.15625,245.98075,241.5699
BTC,2015-06-23,247.1273,244.9588,248.2147,243.516
BTC,2015-06-24,243.371,247.1273,247.1273,242.8303
BTC,2015-06-25,240.9204,243.371,243.9954,239.9257
BTC,2015-06-26,242.31912,240.9204,243.6244,240.80059
BTC,2015-06-27,242.28812,242.31912,242.91525,240.67475
BTC,2015-06-28,250.382,242.28812,251.08587,242.28812
BTC,2015-06-29,249.42725,250.382,250.382,246.6685
BTC,2015-06-30,258.38549,249.42725,259.242,248.41637
BTC,2015-07-01,261.71749,258.38549,268.22612,258.28612
BTC,2015-07-02,259.62937,261.71749,261.84387,254.73962
BTC,2015-07-03,255.52675,259.62937,259.7935,253.41412
BTC,2015-07-04,253.87887,255.52675,256.06687,252.28937
BTC,2015-07-05,261.42899,253.87887,262.94799,253.009
BTC,2015-07-06,267.60762,261.42899,273.81987,257.67137
BTC,2015-07-07,270.07587,267.60762,276.27062,267.562
BTC,2015-07-08,264.356,270.07587,270.17874,263.10912
BTC,2015-07-09,267.943,264.356,272.38087,263.564
BTC,2015-07-10,269.24925,267.943,271.97912,267.06775
BTC,2015-07-11,286.53662,269.24925,295.00537,268.57275
BTC,2015-07-12,301.03837,286.53662,303.00737,286.53662
BTC,2015-07-13,304.9905,301.03837,313.77387,296.45549
BTC,2015-07-14,290.93137,304.9905,305.38975,277.716
BTC,2015-07-15,288.48787,290.93137,295.87587,285.34275
BTC,2015-07-16,287.55762,288.48787,292.32812,282.4525
BTC,2015-07-17,276.97924,287.55762,288.20425,274.43
BTC,2015-07-18,278.33337,276.97924,279.5005,271.62099
BTC,2015-07-19,275.30687,278.33337,282.30874,273.08425
BTC,2015-07-20,274.28387,275.30687,275.742,271.63375
BTC,2015-07-21,279.45925,274.28387,279.77188,273.84275
BTC,2015-07-22,274.87242,279.45925,280.47463,273.8729
BTC,2015-07-23,276.2095,274.87242,277.4875,274.2714
BTC,2015-07-24,276.24491,276.2095,276.94,275.09091
BTC,2015-07-25,287.55583,276.24491,289.57691,275.95341
BTC,2015-07-26,287.83983,287.55583,290.58833,286.505
BTC,2015-07-27,291.20091,287.83983,292.72608,287.22741
BTC,2015-07-28,293.15058,291.20091,296.14516,285.92725
BTC,2015-07-29,292.99425,293.15058,295.37741,292.12583
BTC,2015-07-30,288.61658,292.99425,292.99425,287.44183
BTC,2015-07-31,286.74491,288.61658,289.71741,285.51133
BTC,2015-08-01,282.33741,286.74491,286.99866,281.13275
BTC,2015-08-02,278.68258,282.33741,282.92333,276.98033
BTC,2015-08-03,279.48591,278.68258,282.12791,276.68783
BTC,2015-08-04,283.49091,279.48591,284.788,279.47175
BTC,2015-08-05,284.24366,283.49091,285.17558,280.89866
BTC,2015-08-06,280.9375,284.24366,284.35416,280.08975
BTC,2015-08-07,275.92866,280.9375,281.08916,275.92866
BTC,2015-08-08,278.2765,275.92866,279.72425,275.48725
BTC,2015-08-09,261.75225,278.2765,278.46766,259.26675
BTC,2015-08-10,265.0825,261.75225,266.79691,260.55483
BTC,2015-08-11,264.87516,265.0825,266.348,261.95933
BTC,2015-08-12,270.22325,264.87516,271.20391,264.17225
BTC,2015-08-13,264.14299,270.22325,270.24325,264.14299
BTC,2015-08-14,262.01758,264.14299,265.29758,261.13383
BTC,2015-08-15,265.3955,262.01758,267.06158,261.94441
BTC,2015-08-16,261.20058,265.3955,265.98733,259.41733
BTC,2015-08-17,258.0065,261.20058,261.20058,255.74041
BTC,2015-08-18,256.44841,258.0065,259.63791,255.34966
BTC,2015-08-19,230.38424,256.44841,256.49283,214.03104
BTC,2015-08-20,232.06483,230.38424,236.11891,220.75441
BTC,2015-08-21,234.56375,232.06483,236.62541,229.81658
BTC,2015-08-22,233.03691,234.56375,235.86108,230.81641
BTC,2015-08-23,231.21275,233.03691,233.21158,221.82108
BTC,2015-08-24,227.23233,231.21275,231.79075,224.10816
BTC,2015-08-25,203.18133,227.23233,227.23233,198.22833
BTC,2015-08-26,219.81583,203.18133,226.27733,202.13641
BTC,2015-08-27,224.53608,219.81583,230.39633,219.71124
BTC,2015-08-28,224.18875,224.53608,228.034,219.91025
BTC,2015-08-29,230.93575,224.18875,234.71883,222.5025
BTC,2015-08-30,230.58541,230.93575,232.931,226.99866
BTC,2015-08-31,227.18083,230.58541,230.6365,225.32433
BTC,2015-09-01,229.02966,227.18083,231.88441,224.8115
BTC,2015-09-02,226.28841,229.02966,229.47541,225.83066
BTC,2015-09-03,228.35299,226.28841,230.05741,225.66683
BTC,2015-09-04,227.14741,228.35299,228.45141,226.11783
BTC,2015-09-05,229.66691,227.14741,230.60799,226.89141
BTC,2015-09-06,240.70116,229.66691,241.14916,229.19275
BTC,2015-09-07,239.88,240.70116,243.13633,237.5585
BTC,2015-09-08,242.01891,239.88,243.1965,238.37166
BTC,2015-09-09,244.31383,242.01891,245.83491,241.82775
BTC,2015-09-10,237.99466,244.31383,244.49183,237.41225
BTC,2015-09-11,240.56366,237.99466,240.71991,235.67583
BTC,2015-09-12,239.81675,240.56366,241.15166,238.81233
BTC,2015-09-13,235.053,239.81675,240.10541,234.18991
BTC,2015-09-14,229.15808,235.053,235.53075,227.94691
BTC,2015-09-15,230.51091,229.15808,232.4895,227.78025
BTC,2015-09-16,230.98066,230.51091,231.55808,229.40558
BTC,2015-09-17,229.58975,230.98066,231.00908,226.69133
BTC,2015-09-18,233.2385,229.58975,234.61991,228.39008
BTC,2015-09-19,232.50008,233.2385,234.24358,231.7645
BTC,2015-09-20,231.33733,232.50008,232.75508,230.82933
BTC,2015-09-21,230.75433,231.33733,232.07841,230.51408
BTC,2015-09-22,227.79358,230.75433,230.82908,226.15041
BTC,2015-09-23,231.30983,227.79358,232.10541,224.5965
BTC,2015-09-24,231.09508,231.30983,231.45916,229.15508
BTC,2015-09-25,233.74475,231.09508,235.53625,230.72091
BTC,2015-09-26,234.92466,233.74475,237.1115,233.62566
BTC,2015-09-27,234.32908,234.92466,234.9895,233.18125
BTC,2015-09-28,237.21116,234.32908,237.42183,232.65083
BTC,2015-09-29,238.56625,237.21116,240.24925,236.21624
BTC,2015-09-30,238.06125,238.56625,240.3205,236.16025
BTC,2015-10-01,237.15191,238.06125,238.11808,235.437
BTC,2015-10-02,238.06358,237.15191,238.95083,235.95725
BTC,2015-10-03,237.63516,238.06358,238.82991,236.98341
BTC,2015-10-04,238.99883,237.63516,239.59866,237.27891
BTC,2015-10-05,238.82433,238.99883,239.50175,238.24375
BTC,2015-10-06,240.63075,238.82433,241.061,237.21916
BTC,2015-10-07,246.49633,240.63075,247.573,240.61741
BTC,2015-10-08,244.49816,246.49633,246.58683,242.79575
BTC,2015-10-09,243.25675,244.49816,244.70625,242.35816
BTC,2015-10-10,244.96533,243.25675,245.02475,242.73591
BTC,2015-10-11,245.07,244.96533,245.865,243.28108
BTC,2015-10-12,247.65041,245.07,247.91733,244.77208
BTC,2015-10-13,244.57641,247.65041,247.76783,243.88241
BTC,2015-10-14,249.45908,244.57641,250.55283,244.46508
BTC,2015-10-15,254.64216,249.45908,255.94216,249.30916
BTC,2015-10-16,255.72741,254.64216,256.66408,252.89016
BTC,2015-10-17,267.53983,255.72741,268.08933,255.23441
BTC,2015-10-18,270.04041,267.53983,274.54266,263.89258
BTC,2015-10-19,264.98625,270.04041,271.209,261.38491
BTC,2015-10-20,264.92575,264.98625,265.73075,261.63291
BTC,2015-10-21,270.49541,264.92575,272.21816,264.0165
BTC,2015-10-22,267.46908,270.49541,271.14833,264.11633
BTC,2015-10-23,274.25325,267.46908,278.61383,267.42025
BTC,2015-10-24,279.97908,274.25325,280.20966,274.24383
BTC,2015-10-25,286.86941,279.97908,289.04825,278.45766
BTC,2015-10-26,284.286,286.86941,294.60916,282.38799
BTC,2015-10-27,287.83091,284.286,291.77658,280.89758
BTC,2015-10-28,300.53566,287.83091,301.96425,286.69941
BTC,2015-10-29,304.32691,300.53566,306.59441,297.70458
BTC,2015-10-30,326.55691,304.32691,326.55691,304.21608
BTC,2015-10-31,327.58425,326.55691,333.7465,313.38508
BTC,2015-11-01,311.70274,327.58425,328.04325,306.72525
BTC,2015-11-02,325.64666,311.70274,327.71966,311.05791
BTC,2015-11-03,369.51133,325.64666,370.36625,324.83166
BTC,2015-11-04,432.46133,369.51133,434.27575,362.4315
BTC,2015-11-05,434.31683,432.46133,492.40458,374.38666
BTC,2015-11-06,359.586,434.31683,434.31683,355.034
BTC,2015-11-07,377.64099,359.586,395.991,353.616
BTC,2015-11-08,387.775,377.64099,392.293,377.165
BTC,2015-11-09,370.652,387.775,389.473,361.54
BTC,2015-11-10,376.948,370.652,386.631,366.955
BTC,2015-11-11,311.702,376.948,381.724,298.752
BTC,2015-11-12,320.036,311.702,326.905,300.741
BTC,2015-11-13,337.893,320.036,345.601,316.738
BTC,2015-11-14,334.125,337.893,341.274,325.736
BTC,2015-11-15,333.951,334.125,339.296,329.193
BTC,2015-11-16,320.06,333.951,334.837,315.75799
BTC,2015-11-17,337.759,320.06,340.349,318.03499
BTC,2015-11-18,333.33299,337.759,337.759,331.434
BTC,2015-11-19,334.02499,333.33299,337.162,329.91199
BTC,2015-11-20,315.63099,334.02499,335.019,311.751
BTC,2015-11-21,321.482,315.63099,324.598,315.065
BTC,2015-11-22,326.365,321.482,328.33299,320.606
BTC,2015-11-23,322.606,326.365,326.895,320.986
BTC,2015-11-24,320.993,322.606,326.056,317.437
BTC,2015-11-25,318.337,320.993,322.934,316.263
BTC,2015-11-26,332.471,318.337,333.555,317.969
BTC,2015-11-27,349.138,332.471,368.511,332.078
BTC,2015-11-28,354.954,349.138,364.061,347.842
BTC,2015-11-29,356.806,354.954,360.147,351.863
BTC,2015-11-30,375.204,356.806,379.609,355.128
BTC,2015-12-01,377.798,375.204,382.494,369.342
BTC,2015-12-02,352.128,377.798,379.19899,348.112
BTC,2015-12-03,366.788,352.128,367.107,350.559
BTC,2015-12-04,358.443,366.788,370.8,355.428
BTC,2015-12-05,369.956,358.443,371.182,356.879
BTC,2015-12-06,394.861,369.956,396.643,369.407
BTC,2015-12-07,391.618,394.861,402.296,383.673
BTC,2015-12-08,395.59299,391.618,399.844,387.778
BTC,2015-12-09,421.424,395.59299,421.833,389.585
BTC,2015-12-10,415.076,421.424,423.909,405.313
BTC,2015-12-11,421.813,415.076,422.774,411.285
BTC,2015-12-12,467.831,421.813,470.883,420.681
BTC,2015-12-13,435.091,467.831,467.887,408.909
BTC,2015-12-14,437.021,435.091,442.47299,422.064
BTC,2015-12-15,453.676,437.021,457.457,436.742
BTC,2015-12-16,445.805,453.676,465.651,445.805
BTC,2015-12-17,451.102,445.805,462.524,440.205
BTC,2015-12-18,456.425,451.102,458.46,451.01899
BTC,2015-12-19,464.218,456.425,466.462,454.518
BTC,2015-12-20,460.238,464.218,465.84799,453.312
BTC,2015-12-21,435.64099,460.238,461.011,425.026
BTC,2015-12-22,438.276,435.64099,445.533,432.993
BTC,2015-12-23,437.994,438.276,443.225,433.775
BTC,2015-12-24,456.572,437.994,456.858,437.705
BTC,2015-12-25,455.743,456.572,459.841,452.263
BTC,2015-12-26,447.606,455.743,458.668,445.523
BTC,2015-12-27,419.338,447.606,448.524,406.388
BTC,2015-12-28,427.817,419.338,429.09,414.186
BTC,2015-12-29,422.741,427.817,428.734,417.229
BTC,2015-12-30,431.029,422.741,434.21899,419.159
BTC,2015-12-31,424.962,431.029,433.368,421.192
BTC,2016-01-01,432.358,424.962,433.033,417.69899
BTC,2016-01-02,433.773,432.358,436.187,427.317
BTC,2016-01-03,431.985,433.773,435.739,429.768
BTC,2016-01-04,431.691,431.985,432.417,424.152
BTC,2016-01-05,433.732,431.691,435.151,430.595
BTC,2016-01-06,427.164,433.732,433.935,426.171
BTC,2016-01-07,441.021,427.164,443.528,426.602
BTC,2016-01-08,457.168,441.021,463.954,439.454
BTC,2016-01-09,452.368,457.168,457.583,447.388
BTC,2016-01-10,445.327,452.368,452.732,444.22
BTC,2016-01-11,450.312,445.327,451.436,441.187
BTC,2016-01-12,446.614,450.312,450.541,443.258
BTC,2016-01-13,431.156,446.614,447.731,422.105
BTC,2016-01-14,431.41,431.156,433.668,424.143
BTC,2016-01-15,416.29,431.41,432.253,413.981
BTC,2016-01-16,372.737,416.29,417.842,358.76599
BTC,2016-01-17,383.138,372.737,390.801,353.276
BTC,2016-01-18,380.817,383.138,387.229,378.263
BTC,2016-01-19,382.738,380.817,387.476,374.485
BTC,2016-01-20,378.775,382.738,386.638,374.217
BTC,2016-01-21,417.439,378.775,424.651,378.007
BTC,2016-01-22,403.271,417.439,420.34,402.98
BTC,2016-01-23,388.219,403.271,403.685,374.138
BTC,2016-01-24,388.538,388.219,394.496,381.191
BTC,2016-01-25,397.885,388.538,405.799,387.458
BTC,2016-01-26,390.715,397.885,400.99699,386.522
BTC,2016-01-27,392.389,390.715,397.57,388.027
BTC,2016-01-28,381.356,392.389,396.568,377.095
BTC,2016-01-29,369.133,381.356,384.499,363.642
BTC,2016-01-30,376.952,369.133,384.489,368.704
BTC,2016-01-31,378.174,376.952,380.69899,375.427
BTC,2016-02-01,372.157,378.174,379.529,364.288
BTC,2016-02-02,372.453,372.157,378.518,369.019
BTC,2016-02-03,372.762,372.453,374.829,369.263
BTC,2016-02-04,370.433,372.762,373.793,366.316
BTC,2016-02-05,386.954,370.433,391.268,370.408
BTC,2016-02-06,377.889,386.954,390.194,376.942
BTC,2016-02-07,376.44,377.889,378.577,370.602
BTC,2016-02-08,376.924,376.44,379.561,372.885
BTC,2016-02-09,372.434,376.924,378.688,370.769
BTC,2016-02-10,374.764,372.434,376.286,370.953
BTC,2016-02-11,379.186,374.764,383.564,374.649
BTC,2016-02-12,378.576,379.186,379.992,373.217
BTC,2016-02-13,388.87,378.576,388.87,378.576
BTC,2016-02-14,397.23,388.87,398.059,387.492
BTC,2016-02-15,405.621,397.23,410.239,395.046
BTC,2016-02-16,401.663,405.621,407.002,395.481
BTC,2016-02-17,407.017,401.663,408.124,399.79499
BTC,2016-02-18,417.492,407.017,421.021,407.015
BTC,2016-02-19,421.956,417.492,424.982,416.505
BTC,2016-02-20,422.054,421.956,422.311,415.684
BTC,2016-02-21,439.61,422.054,443.183,421.577
BTC,2016-02-22,436.14,439.61,448.29,427
BTC,2016-02-23,438.745,436.14,440.698,433.18199
BTC,2016-02-24,419.896,438.745,439.18,415.613
BTC,2016-02-25,422.617,419.896,427.026,411.124
BTC,2016-02-26,421.244,422.617,424.816,418.189
BTC,2016-02-27,433.401,421.244,434.76599,420.017
BTC,2016-02-28,425.502,433.401,433.677,422.07399
BTC,2016-02-29,438.28,425.502,439.049,424.357
BTC,2016-03-01,436.426,438.28,441.655,433.788
BTC,2016-03-02,434.001,436.426,436.426,428.502
BTC,2016-03-03,419.254,434.001,434.309,417.05
BTC,2016-03-04,421.597,419.254,423.522,415.639
BTC,2016-03-05,407.722,421.597,422.57,401.662
BTC,2016-03-06,397.883,407.722,408.953,388.958
BTC,2016-03-07,407.276,397.883,409.721,395.76599
BTC,2016-03-08,414.213,407.276,415.512,405.127
BTC,2016-03-09,410.739,414.213,415.091,408.481
BTC,2016-03-10,411.672,410.739,413.784,409.594
BTC,2016-03-11,416.708,411.672,416.972,411.124
BTC,2016-03-12,415.04,416.708,421.933,414.407
BTC,2016-03-13,411.637,415.04,415.96,407.299
BTC,2016-03-14,414.208,411.637,416.025,411.434
BTC,2016-03-15,416.034,414.208,416.441,412.91099
BTC,2016-03-16,414.167,416.034,417.124,412.6
BTC,2016-03-17,417.138,414.167,417.207,413.796
BTC,2016-03-18,417.154,417.138,419.506,416.736
BTC,2016-03-19,407.473,417.154,417.662,403.62199
BTC,2016-03-20,409.24,407.473,411.364,403.345
BTC,2016-03-21,407.496,409.24,412.431,407.132
BTC,2016-03-22,415.125,407.496,415.14099,406.931
BTC,2016-03-23,417.318,415.125,417.716,415.125
BTC,2016-03-24,415.837,417.318,418.55,415.663
BTC,2016-03-25,414.75699,415.837,416.808,412.841
BTC,2016-03-26,416.851,414.75699,417.31899,413.92299
BTC,2016-03-27,416.233,416.851,417.068,414.838
BTC,2016-03-28,424.297,416.233,427.001,416.233
BTC,2016-03-29,423.597,424.297,425.042,421.45
BTC,2016-03-30,414.613,423.597,423.847,407.878
BTC,2016-03-31,414.458,414.613,415.618,409.191
BTC,2016-04-01,416.012,414.458,416.938,413.381
BTC,2016-04-02,418.785,416.012,420.895,414.09
BTC,2016-04-03,418.93999,418.785,419.83,418.467
BTC,2016-04-04,418.593,418.93999,419.61,417.203
BTC,2016-04-05,422.044,418.593,422.197,417.412
BTC,2016-04-06,422.29499,422.044,423.242,420.426
BTC,2016-04-07,420.553,422.29499,422.649,420.247
BTC,2016-04-08,421.616,420.553,422.011,418.746
BTC,2016-04-09,415.751,421.616,423.563,413.156
BTC,2016-04-10,418.078,415.751,418.555,415.496
BTC,2016-04-11,421.192,418.078,421.869,418.05
BTC,2016-04-12,426.383,421.192,426.383,419.383
BTC,2016-04-13,426.84399,426.383,427.787,424.38199
BTC,2016-04-14,425.494,426.84399,426.91,422.91999
BTC,2016-04-15,426.279,425.494,426.53599,423.09799
BTC,2016-04-16,429.775,426.279,429.991,424.707
BTC,2016-04-17,430.453,429.775,432.996,429.508
BTC,2016-04-18,429.318,430.453,430.639,426.267
BTC,2016-04-19,428.522,429.318,430.08,427.169
BTC,2016-04-20,435.926,428.522,437.109,428.081
BTC,2016-04-21,443.758,435.926,445.291,435.79
BTC,2016-04-22,446.776,443.758,452.802,441.301
BTC,2016-04-23,447.233,446.776,449.685,443.913
BTC,2016-04-24,455.152,447.233,457.138,445.715
BTC,2016-04-25,458.626,455.152,460.972,450.29
BTC,2016-04-26,464.429,458.626,469.281,455.962
BTC,2016-04-27,466.064,464.429,470.16099,462.439
BTC,2016-04-28,441.304,466.064,468.483,435.282
BTC,2016-04-29,446.236,441.304,450.647,438.484
BTC,2016-04-30,454.375,446.236,456.89099,446.224
BTC,2016-05-01,449.108,454.375,455.235,447.838
BTC,2016-05-02,453.067,449.108,453.502,448.93999
BTC,2016-05-03,443.681,453.067,453.227,439.89399
BTC,2016-05-04,449.157,443.681,451.443,443.681
BTC,2016-05-05,447.73999,449.157,450.233,445.438
BTC,2016-05-06,447.58599,447.73999,449.468,445.826
BTC,2016-05-07,458.864,447.58599,462.76,447.347
BTC,2016-05-08,459.937,458.864,461.735,457.963
BTC,2016-05-09,458.708,459.937,460.48,456.154
BTC,2016-05-10,460.954,458.708,464.21,457.138
BTC,2016-05-11,454.39399,460.954,461.213,447.75699
BTC,2016-05-12,451.155,454.39399,454.938,450.832
BTC,2016-05-13,453.701,451.155,455.12299,447.731
BTC,2016-05-14,456.039,453.701,457.038,452.39099
BTC,2016-05-15,456.093,456.039,456.477,453.834
BTC,2016-05-16,457.64099,456.093,458.87299,455.325
BTC,2016-05-17,454.278,457.64099,457.927,451.33
BTC,2016-05-18,454.064,454.278,454.812,452.3
BTC,2016-05-19,453.494,454.064,455.734,453.243
BTC,2016-05-20,440.231,453.494,454.078,435.616
BTC,2016-05-21,442.953,440.231,444.075,439.43
BTC,2016-05-22,442.892,442.953,443.71099,439.292
BTC,2016-05-23,440.551,442.892,443.15,437.996
BTC,2016-05-24,444.489,440.551,444.756,440.551
BTC,2016-05-25,447.035,444.489,447.07,443.761
BTC,2016-05-26,448.278,447.035,449.979,446.784
BTC,2016-05-27,467.262,448.278,472.481,448.076
BTC,2016-05-28,489.847,467.262,490.246,467.262
BTC,2016-05-29,516.051,489.847,531.697,489.847
BTC,2016-05-30,529.917,516.051,545.764,508.12299
BTC,2016-05-31,537.23299,529.917,541.783,525.332
BTC,2016-06-01,528.04999,537.23299,546.85299,519.93
BTC,2016-06-02,538.568,528.04999,543.62799,527.587
BTC,2016-06-03,537.185,538.568,541.056,532.68599
BTC,2016-06-04,571.139,537.185,576.778,536.706
BTC,2016-06-05,579.343,571.139,591.028,563.155
BTC,2016-06-06,578.84899,579.343,582.309,568.327
BTC,2016-06-07,585.399,578.84899,590.98299,578.555
BTC,2016-06-08,576.226,585.399,588.682,565.165
BTC,2016-06-09,580.43599,576.226,583.989,573.546
BTC,2016-06-10,574.953,580.43599,581.56899,572.042
BTC,2016-06-11,583.87,574.953,585.45399,573.667
BTC,2016-06-12,633.205,583.87,634.269,582.31099
BTC,2016-06-13,682.226,633.205,685.275,628.08999
BTC,2016-06-14,695.155,682.226,719.847,673.396
BTC,2016-06-15,685.442,695.155,695.763,661.601
BTC,2016-06-16,732.357,685.442,732.692,673.249
BTC,2016-06-17,773.25,732.357,776.642,725.895
BTC,2016-06-18,736.386,773.25,773.505,709.688
BTC,2016-06-19,747.831,736.386,781.309,733.813
BTC,2016-06-20,758.903,747.831,765.929,742.566
BTC,2016-06-21,702.696,758.903,763.019,683.746
BTC,2016-06-22,657.013,702.696,713.289,631.72399
BTC,2016-06-23,581.249,657.013,677.105,551.91599
BTC,2016-06-24,657.08999,581.249,658.43999,560.331
BTC,2016-06-25,687.168,657.08999,692.544,637.721
BTC,2016-06-26,657.22399,687.168,688.808,644.874
BTC,2016-06-27,644.091,657.22399,659.692,615.775
BTC,2016-06-28,655.94399,644.091,661.35299,626.16099
BTC,2016-06-29,634.357,655.94399,656.006,624.768
BTC,2016-06-30,635.093,634.357,642.485,627.687
BTC,2016-07-01,683.293,635.093,684.652,634.987
BTC,2016-07-02,678.567,683.293,684.804,668.777
BTC,2016-07-03,690.179,678.567,704.423,677.16375
BTC,2016-07-04,670.741,690.179,694.597,646.745
BTC,2016-07-05,679.351,670.741,682.394,667.5
BTC,2016-07-06,676.872,679.351,679.466,662.218
BTC,2016-07-07,671.814,676.872,680.231,666.93
BTC,2016-07-08,640.476,671.814,672.906,611.258
BTC,2016-07-09,654.85299,640.476,665.749,636.278
BTC,2016-07-10,649.356,654.85299,661.76199,626.86899
BTC,2016-07-11,656.747,649.356,660.439,639.618
BTC,2016-07-12,648.136,656.747,658.50699,644.754
BTC,2016-07-13,663.443,648.136,675.067,646.54
BTC,2016-07-14,654.018,663.443,668.759,651.567
BTC,2016-07-15,663.638,654.018,665.29099,651.486
BTC,2016-07-16,666.56499,663.638,668.235,662.091
BTC,2016-07-17,665.113,666.56499,666.94399,658.252
BTC,2016-07-18,681.239,665.113,681.599,663.809
BTC,2016-07-19,673.832,681.239,682.19,667.44399
BTC,2016-07-20,673.008,673.832,674.756,667.426
BTC,2016-07-21,662.034,673.008,673.852,659.693
BTC,2016-07-22,666.747,662.034,667.197,662.034
BTC,2016-07-23,654.725,666.747,667.058,645.154
BTC,2016-07-24,654.895,654.725,656.438,648.758
BTC,2016-07-25,660.284,654.895,663.918,652.583
BTC,2016-07-26,655.418,660.284,661.306,653.12799
BTC,2016-07-27,650.82899,655.418,656.72799,644.65
BTC,2016-07-28,656.91599,650.82899,659.51,647.92499
BTC,2016-07-29,655.427,656.91599,658.631,654.16099
BTC,2016-07-30,656.681,655.427,658.25299,654.385
BTC,2016-07-31,635.588,656.681,658.283,634.84899
BTC,2016-08-01,621.37299,635.588,639.38199,616.048
BTC,2016-08-02,601.227,621.37299,627.068,600.741
BTC,2016-08-03,555.926,601.227,608.707,484.59125
BTC,2016-08-04,578.52374,555.926,583.28,549.404
BTC,2016-08-05,570.33875,578.52374,582.65125,560.745
BTC,2016-08-06,574.87375,570.33875,579.3425,567.54875
BTC,2016-08-07,588.51625,574.87375,592.37125,567.57
BTC,2016-08-08,589.66125,588.51625,597.40125,584.45375
BTC,2016-08-09,586.715,589.66125,593.3025,584.82
BTC,2016-08-10,585.23875,586.715,589.6925,583.09124
BTC,2016-08-11,594.81625,585.23875,599.85625,584.30625
BTC,2016-08-12,581.9625,594.81625,597.4775,581.95
BTC,2016-08-13,584.87375,581.9625,589.59875,581.86249
BTC,2016-08-14,581.65,584.87375,589.08875,580.3125
BTC,2016-08-15,571.9625,581.65,583.6775,563.79625
BTC,2016-08-16,567.60749,571.9625,574.4025,560.2025
BTC,2016-08-17,575.54125,567.60749,580.51125,565.45375
BTC,2016-08-18,572.37249,575.54125,578.29375,568.47875
BTC,2016-08-19,573.01625,572.37249,576.16375,571.34375
BTC,2016-08-20,573.08,573.01625,575.89125,571.54375
BTC,2016-08-21,581.35375,573.08,582.855,572.73749
BTC,2016-08-22,579.6675,581.35375,583.9475,579.02125
BTC,2016-08-23,585.5075,579.6675,586.18375,578.4525
BTC,2016-08-24,577.98749,585.5075,586.71875,577.52374
BTC,2016-08-25,574.5825,577.98749,580.37625,573.33124
BTC,2016-08-26,575.0625,574.5825,576.49625,573.095
BTC,2016-08-27,575.3425,575.0625,578.635,574.73875
BTC,2016-08-28,568.78875,575.3425,575.3425,566.45
BTC,2016-08-29,574.49749,568.78875,575.36375,568.36875
BTC,2016-08-30,571.94125,574.49749,574.68499,571.23375
BTC,2016-08-31,573.78125,571.94125,576.8825,571.36
BTC,2016-09-01,572.96,573.78125,573.845,570.80125
BTC,2016-09-02,570.1,572.96,572.96,568.85749
BTC,2016-09-03,572.52125,570.1,575.26,569.29999
BTC,2016-09-04,596.45375,572.52125,599.6025,572.41999
BTC,2016-09-05,606.0525,596.45375,612.39374,596.01125
BTC,2016-09-06,604.465,606.0525,607.93625,600.43875
BTC,2016-09-07,609.4325,604.465,611.45,604.29499
BTC,2016-09-08,613.67499,609.4325,615.32375,607.25
BTC,2016-09-09,623.6,613.67499,628.74875,613.13375
BTC,2016-09-10,620.59875,623.6,624.105,617.5425
BTC,2016-09-11,622.03375,620.59875,624.32,620.4025
BTC,2016-09-12,604.8275,622.03375,628.5025,595.42875
BTC,2016-09-13,607.03625,604.8275,607.97625,603.085
BTC,2016-09-14,606.885,607.03625,608.9475,605.16875
BTC,2016-09-15,606.8975,606.885,609.62625,606.7825
BTC,2016-09-16,605.52125,606.8975,608.47125,604.6625
BTC,2016-09-17,606.04625,605.52125,608.54,604.99625
BTC,2016-09-18,605.08,606.04625,606.825,603.46
BTC,2016-09-19,609.37249,605.08,609.58624,604.63874
BTC,2016-09-20,606.7175,609.37249,609.73749,606.1675
BTC,2016-09-21,595.93375,606.7175,608.43625,590.86625
BTC,2016-09-22,596.225,595.93375,596.92625,593.39125
BTC,2016-09-23,595.0175,596.225,596.54625,593.74875
BTC,2016-09-24,602.4075,595.0175,602.61375,594.52625
BTC,2016-09-25,601.36875,602.4075,603.54499,599.63125
BTC,2016-09-26,598.9075,601.36875,601.9775,597.65
BTC,2016-09-27,605.0175,598.9075,607.55125,598.47875
BTC,2016-09-28,602.885,605.0175,607.3175,601.39374
BTC,2016-09-29,603.58124,602.885,604.315,602.27374
BTC,2016-09-30,604.52125,603.58124,606.02374,602.48375
BTC,2016-10-01,610.58375,604.52125,611.39374,603.48249
BTC,2016-10-02,613.23749,610.58375,615.09,610.57
BTC,2016-10-03,611.88874,613.23749,613.38,608.275
BTC,2016-10-04,609.495,611.88874,612.61375,608.6325
BTC,2016-10-05,608.125,609.495,610.1575,607.68125
BTC,2016-10-06,610.57,608.125,612.785,607.91125
BTC,2016-10-07,610.23375,610.57,611.61249,609.8025
BTC,2016-10-08,617.445,610.23375,617.445,609.84124
BTC,2016-10-09,614.59625,617.445,618.4575,614.58375
BTC,2016-10-10,615.91625,614.59625,616.06625,614.095
BTC,2016-10-11,618.3275,615.91625,618.35749,613.8225
BTC,2016-10-12,637.21624,618.3275,640.89874,618.3275
BTC,2016-10-13,637.73625,637.21624,638.90125,634.06625
BTC,2016-10-14,635.88375,637.73625,637.75375,633.81625
BTC,2016-10-15,638.975,635.88375,639.65,631.96
BTC,2016-10-16,638.605,638.975,639.98125,636.05375
BTC,2016-10-17,636.635,638.605,641.1525,636.58624
BTC,2016-10-18,637.01625,636.635,638.62625,635.86249
BTC,2016-10-19,634.605,637.01625,637.76374,632.7675
BTC,2016-10-20,626.36875,634.605,636.36249,625.27625
BTC,2016-10-21,629.61249,626.36875,629.91,626.36625
BTC,2016-10-22,630.61875,629.61249,632.30125,628.10125
BTC,2016-10-23,650.895,630.61875,654.79999,630.4425
BTC,2016-10-24,647.69375,650.895,653.49375,645.91999
BTC,2016-10-25,652.235,647.69375,652.84124,645.49375
BTC,2016-10-26,657.05625,652.235,658.86749,646.6925
BTC,2016-10-27,684.3775,657.05625,685.21375,656.39125
BTC,2016-10-28,684.2975,684.3775,686.73,678.02125
BTC,2016-10-29,700.135,684.2975,701.0125,681.42125
BTC,2016-10-30,704.91,700.135,718.73375,692.21
BTC,2016-10-31,693.89625,704.91,709.9875,682.08375
BTC,2016-11-01,708.955,693.89625,710.44125,693.4425
BTC,2016-11-02,725.6925,708.955,735.8275,707.8325
BTC,2016-11-03,741.84875,725.6925,744.01875,719.6325
BTC,2016-11-04,701.21875,741.84875,744.89375,673.73125
BTC,2016-11-05,702.175,701.21875,706.3,687.97375
BTC,2016-11-06,705.47875,702.175,706.42125,696.6625
BTC,2016-11-07,705.47125,705.47875,714.55875,699.865
BTC,2016-11-08,706.13375,705.47125,707.58875,700.03
BTC,2016-11-09,728.36125,706.13375,729.0725,701.9975
BTC,2016-11-10,719.2525,728.36125,738.985,717.07875
BTC,2016-11-11,714.57125,719.2525,719.34375,707.995
BTC,2016-11-12,715.7725,714.57125,718.2725,713.0675
BTC,2016-11-13,694.72125,715.7725,715.7725,693.5675
BTC,2016-11-14,704.62125,694.72125,704.65,686.0225
BTC,2016-11-15,711.39625,704.62125,713.0725,698.5175
BTC,2016-11-16,710.9275,711.39625,716.215,709.3275
BTC,2016-11-17,745.92625,710.9275,746.36375,710.6725
BTC,2016-11-18,738.665,745.92625,752.0375,731.9825
BTC,2016-11-19,748.8075,738.665,751.1375,737.915
BTC,2016-11-20,752.5525,748.8075,754.54625,740.13375
BTC,2016-11-21,730.365,752.5525,753.765,713.13
BTC,2016-11-22,734.84,730.365,738.62875,728.015
BTC,2016-11-23,745.97875,734.84,750.80125,734.55
BTC,2016-11-24,739.81875,745.97875,746.575,732.20875
BTC,2016-11-25,730.3125,739.81875,740.87625,727.9875
BTC,2016-11-26,737.4025,730.3125,738.51375,728.38125
BTC,2016-11-27,727.445,737.4025,738.155,724.1275
BTC,2016-11-28,731.9,727.445,735.405,727.43875
BTC,2016-11-29,731.12625,731.9,734.1425,729.4725
BTC,2016-11-30,731.64,731.12625,734.43375,728.60375
BTC,2016-12-01,744.1025,731.64,744.47,730.71125
BTC,2016-12-02,766.5925,744.1025,767.105,744.1025
BTC,2016-12-03,769.915,766.5925,778.1425,763.83875
BTC,2016-12-04,764.3575,769.915,770.12125,757.835
BTC,2016-12-05,760.1,764.3575,767.24125,759.91875
BTC,2016-12-06,754.82625,760.1,760.40625,745.6975
BTC,2016-12-07,758.35375,754.82625,759.89,751.95625
BTC,2016-12-08,763.23625,758.35375,768.31875,752.165
BTC,2016-12-09,766.8725,763.23625,771.42,762.7025
BTC,2016-12-10,773.2825,766.8725,773.3225,766.33
BTC,2016-12-11,765.9525,773.2825,775.08625,764.3675
BTC,2016-12-12,769.8275,765.9525,769.86375,763.31625
BTC,2016-12-13,774.38625,769.8275,788.48625,766.9025
BTC,2016-12-14,778.35625,774.38625,781.585,771.5475
BTC,2016-12-15,776.9825,778.35625,779.605,771.3925
BTC,2016-12-16,776.415,776.9825,778.2175,772.7675
BTC,2016-12-17,786.9725,776.415,790.83875,775.50125
BTC,2016-12-18,789.24625,786.9725,790.30375,785.57375
BTC,2016-12-19,791,789.24625,791.16,785.2375
BTC,2016-12-20,789.2325,791,792.2825,788.65625
BTC,2016-12-21,805.79625,789.2325,806.1975,788.44875
BTC,2016-12-22,842.63875,805.79625,842.96625,805.14875
BTC,2016-12-23,910.9325,842.63875,910.9325,842.17875
BTC,2016-12-24,910.2475,910.9325,918.94875,878.91
BTC,2016-12-25,870.13125,910.2475,916.55625,869.47
BTC,2016-12-26,905.45625,870.13125,909.84625,858.03625
BTC,2016-12-27,900.36625,905.45625,906.88875,893.62125
BTC,2016-12-28,948.89875,900.36625,949.80625,900.02625
BTC,2016-12-29,971.645,948.89875,982.86875,947.03
BTC,2016-12-30,954.84375,971.645,977.7925,949.61875
BTC,2016-12-31,952.455,954.84375,964.72625,928.9875
BTC,2017-01-01,964.325,952.455,968.485,949.08625
BTC,2017-01-02,1009.97375,964.325,1011.525,963.53
BTC,2017-01-03,1028.33375,1009.97375,1034.105,998.62125
BTC,2017-01-04,1047.09999,1028.33375,1048.12375,1013.3775
BTC,2017-01-05,1140.385,1047.09999,1141.9975,1047.06375
BTC,2017-01-06,985.93875,1140.385,1153.02,887.46625
BTC,2017-01-07,837.83625,985.93875,990.37125,821.655
BTC,2017-01-08,923.52375,837.83625,923.7475,816.36375
BTC,2017-01-09,889.33875,923.52375,942.0625,878.10125
BTC,2017-01-10,905.22625,889.33875,911.99625,881.1575
BTC,2017-01-11,910.60625,905.22625,914.02375,897.57375
BTC,2017-01-12,772.66125,910.60625,919.55875,747.49625
BTC,2017-01-13,784.89375,772.66125,828.08875,746.685
BTC,2017-01-14,820.68875,784.89375,839.23,774.35875
BTC,2017-01-15,821.19625,820.68875,835.555,810.6425
BTC,2017-01-16,830.74,821.19625,834.7025,810.21625
BTC,2017-01-17,848.58125,830.74,848.58125,820.91625
BTC,2017-01-18,890.29375,848.58125,914.8025,848.58125
BTC,2017-01-19,888.0625,890.29375,901.83375,848.60875
BTC,2017-01-20,896.16375,888.0625,905.4225,884.185
BTC,2017-01-21,920.58875,896.16375,921.18125,882.29625
BTC,2017-01-22,934.7775,920.58875,936.2525,912.0725
BTC,2017-01-23,920.365,934.7775,936.7525,893.0075
BTC,2017-01-24,912.2125,920.365,926.9975,891.405
BTC,2017-01-25,898.55,912.2125,922.1475,884.78875
BTC,2017-01-26,901.05,898.55,901.48,888.01875
BTC,2017-01-27,912.84375,901.05,919.1325,896.2825
BTC,2017-01-28,919.795,912.84375,921.56875,909.4
BTC,2017-01-29,920.82875,919.795,922.06125,917.82125
BTC,2017-01-30,916.91125,920.82875,921.50875,912.955
BTC,2017-01-31,921.35125,916.91125,921.8175,915.77
BTC,2017-02-01,973.065,921.35125,978.185,920.64875
BTC,2017-02-02,982.8275,973.065,992.41875,964.4075
BTC,2017-02-03,1020.09,982.8275,1020.12375,982.33375
BTC,2017-02-04,1011.215,1020.09,1024.1425,995.87
BTC,2017-02-05,1029.40124,1011.215,1040.08625,1004.3775
BTC,2017-02-06,1019.3125,1029.40124,1030.33625,1006.51875
BTC,2017-02-07,1029.40875,1019.3125,1030.405,1018.23
BTC,2017-02-08,1067.70875,1029.40875,1067.79625,1029.40875
BTC,2017-02-09,1072.205,1067.70875,1072.22875,1018.19125
BTC,2017-02-10,974.95875,1072.205,1077.7625,942.45375
BTC,2017-02-11,997.2275,974.95875,1000.98625,954.27625
BTC,2017-02-12,1004.71375,997.2275,1015.99625,997.2275
BTC,2017-02-13,1004.85375,1004.71375,1008.49,997.45625
BTC,2017-02-14,994.58,1004.85375,1007.28,976.28875
BTC,2017-02-15,1003.59,994.58,1016.445,987.33125
BTC,2017-02-16,1018.41125,1003.59,1021.98375,1001.00375
BTC,2017-02-17,1038.86625,1018.41125,1041.52375,1016.995
BTC,2017-02-18,1058.315,1038.86625,1058.60375,1027.9875
BTC,2017-02-19,1052.84375,1058.315,1066.83625,1051.02
BTC,2017-02-20,1046.66249,1052.84375,1061.3175,1045.30874
BTC,2017-02-21,1079.5825,1046.66249,1084.50375,1046.66249
BTC,2017-02-22,1112.86375,1079.5825,1126.48625,1079.3475
BTC,2017-02-23,1122.515,1112.86375,1132.51,1101.9
BTC,2017-02-24,1193.501,1122.515,1193.961,1120.73
BTC,2017-02-25,1182.429,1193.501,1206.596,1101.385
BTC,2017-02-26,1139.848,1182.429,1184.183,1126.26
BTC,2017-02-27,1189.366,1139.848,1192.252,1139.795
BTC,2017-02-28,1189.94699,1189.366,1210.156,1173.095
BTC,2017-03-01,1193.611,1189.94699,1198.163,1179.97
BTC,2017-03-02,1221.05,1193.611,1233.298,1187.33199
BTC,2017-03-03,1269.776,1221.05,1284.334,1216.03
BTC,2017-03-04,1285.376,1269.776,1293.469,1258.487
BTC,2017-03-05,1260.668,1285.376,1287.61,1239.568
BTC,2017-03-06,1273.24699,1260.668,1280.579,1245.911
BTC,2017-03-07,1280.30499,1273.24699,1285.181,1268.809
BTC,2017-03-08,1206.357,1280.30499,1280.427,1188.174
BTC,2017-03-09,1153.06,1206.357,1225.5,1135.086
BTC,2017-03-10,1200.557,1153.06,1208.63899,1147.435
BTC,2017-03-11,1147.625,1200.557,1325.81299,1022.68
BTC,2017-03-12,1186.351,1147.625,1200.383,1146.877
BTC,2017-03-13,1235.553,1186.351,1237.781,1178.066
BTC,2017-03-14,1242.806,1235.553,1247.261,1216.20699
BTC,2017-03-15,1245.892,1242.806,1257.797,1227.108
BTC,2017-03-16,1247.67099,1245.892,1260.62999,1245.099
BTC,2017-03-17,1126.08199,1247.67099,1248.29199,1103.531
BTC,2017-03-18,1062.07,1126.08199,1164.222,1057.345
BTC,2017-03-19,1000.24599,1062.07,1094.412,944.113
BTC,2017-03-20,1036.226,1000.24599,1058.91,977.506
BTC,2017-03-21,1065.481,1036.226,1065.50599,1015.041
BTC,2017-03-22,1091.333,1065.481,1119.074,1063.69699
BTC,2017-03-23,1036.099,1091.333,1101.028,990.705
BTC,2017-03-24,1013.844,1036.099,1053.241,1012.245
BTC,2017-03-25,921.808,1013.844,1014.601,920.576
BTC,2017-03-26,962.508,921.808,972.271,891.511
BTC,2017-03-27,968.293,962.508,998.56,946.522
BTC,2017-03-28,1035.32199,968.293,1042.901,965.455
BTC,2017-03-29,1011.969,1035.32199,1064.52,1010.04699
BTC,2017-03-30,1041.374,1011.969,1056.89799,1011.315
BTC,2017-03-31,1048.86299,1041.374,1051.473,1023.187
BTC,2017-04-01,1077.557,1048.86299,1087.727,1040.614
BTC,2017-04-02,1082.37,1077.557,1103.528,1069.78199
BTC,2017-04-03,1140.037,1082.37,1140.037,1077.59099
BTC,2017-04-04,1148.092,1140.037,1155.714,1120.597
BTC,2017-04-05,1139.86,1148.092,1161.361,1125.827
BTC,2017-04-06,1150.685,1139.86,1151.20699,1113.077
BTC,2017-04-07,1177.284,1150.685,1202.82199,1149.209
BTC,2017-04-08,1196.896,1177.284,1202.037,1176.375
BTC,2017-04-09,1187.03299,1196.896,1196.896,1170.579
BTC,2017-04-10,1213.801,1187.03299,1218.239,1178.396
BTC,2017-04-11,1206.74,1213.801,1219.056,1202.78299
BTC,2017-04-12,1226.896,1206.74,1232.155,1204.364
BTC,2017-04-13,1216.269,1226.896,1226.927,1213.655
BTC,2017-04-14,1187.136,1216.269,1219.007,1154.9
BTC,2017-04-15,1186.10899,1187.136,1197.391,1169.893
BTC,2017-04-16,1189.55,1186.10899,1199.71,1178.094
BTC,2017-04-17,1184.2,1189.55,1190.96499,1178.19599
BTC,2017-04-18,1211.73799,1184.2,1211.73799,1181.78299
BTC,2017-04-19,1218.666,1211.73799,1222.358,1211.233
BTC,2017-04-20,1227.981,1218.666,1232.858,1209.183
BTC,2017-04-21,1261.702,1227.981,1264.665,1227.679
BTC,2017-04-22,1255.25125,1261.702,1275.053,1247.7925
BTC,2017-04-23,1232.7575,1255.25125,1255.905,1220
BTC,2017-04-24,1243.43,1232.7575,1250.455,1230.68374
BTC,2017-04-25,1251.5775,1243.43,1251.5775,1240.11999
BTC,2017-04-26,1269.69625,1251.5775,1270.7275,1248.7425
BTC,2017-04-27,1289.7475,1269.69625,1307.27875,1269.43
BTC,2017-04-28,1335.825,1289.7475,1343.5925,1289.4925
BTC,2017-04-29,1319.7,1335.825,1338.9875,1282.93249
BTC,2017-04-30,1311.58874,1319.7,1333.375,1311.25125
BTC,2017-05-01,1370.79,1311.58874,1371.20625,1308.7425
BTC,2017-05-02,1416.61,1370.79,1426.63375,1350.005
BTC,2017-05-03,1448.88625,1416.61,1466.88125,1408.54
BTC,2017-05-04,1506.7725,1448.88625,1507.51,1431.18125
BTC,2017-05-05,1543.31,1506.7725,1594.62625,1442.73125
BTC,2017-05-06,1536.1525,1543.31,1591.9675,1491.675
BTC,2017-05-07,1554.6025,1536.1525,1555.225,1517.65
BTC,2017-05-08,1564.065,1554.6025,1572.55375,1525.895
BTC,2017-05-09,1644.72875,1564.065,1655.7875,1564.065
BTC,2017-05-10,1695.83125,1644.72875,1753.595,1641.0625
BTC,2017-05-11,1748.35375,1695.83125,1764.21,1690.39875
BTC,2017-05-12,1774.52,1748.35375,1839.23125,1748.07
BTC,2017-05-13,1634.6075,1774.52,1799.495,1587.69375
BTC,2017-05-14,1774.805,1634.6075,1784.83625,1624.56125
BTC,2017-05-15,1747.04375,1774.805,1793.7325,1740.2
BTC,2017-05-16,1665.0325,1747.04375,1747.04375,1652.15625
BTC,2017-05-17,1744.44125,1665.0325,1753.0375,1657.10875
BTC,2017-05-18,1796.89625,1744.44125,1823.555,1744.44125
BTC,2017-05-19,1913.13875,1796.89625,1918.3275,1795.7775
BTC,2017-05-20,1983.97875,1913.13875,1993.12375,1909.23125
BTC,2017-05-21,2074.69625,1983.97875,2074.69625,1964.975
BTC,2017-05-22,2114.98875,2074.69625,2115.59125,2001.145
BTC,2017-05-23,2196.66874,2114.98875,2289.2075,2062.30249
BTC,2017-05-24,2348.55249,2196.66874,2356.405,2174.49375
BTC,2017-05-25,2581.85375,2348.55249,2593.36666,2310.42625
BTC,2017-05-26,2460.95375,2581.85375,2791.695,2298.48999
BTC,2017-05-27,2232.2875,2460.95375,2639.905,2067.0975
BTC,2017-05-28,2234.83374,2232.2875,2250.1475,1908.99125
BTC,2017-05-29,2195.785,2234.83374,2320.8175,2135.0025
BTC,2017-05-30,2315.73625,2195.785,2339.725,2157.34499
BTC,2017-05-31,2170.98124,2315.73625,2329.63625,2152.9225
BTC,2017-06-01,2402.125,2170.98124,2414.515,2162.22625
BTC,2017-06-02,2477.1725,2402.125,2489.9775,2361.74125
BTC,2017-06-03,2475.2975,2477.1725,2524.80625,2418.9325
BTC,2017-06-04,2526.31125,2475.2975,2593.64,2448.04374
BTC,2017-06-05,2605.125,2526.31125,2607.92999,2494.29125
BTC,2017-06-06,2855.03,2605.125,2911.86,2582.375
BTC,2017-06-07,2900.8525,2855.03,2967.47625,2742.335
BTC,2017-06-08,2737.9025,2900.8525,2911.93875,2625.085
BTC,2017-06-09,2826.03875,2737.9025,2864.365,2712.68875
BTC,2017-06-10,2846.00625,2826.03875,2874.69625,2794.0625
BTC,2017-06-11,2910.33625,2846.00625,2943.6325,2821.525
BTC,2017-06-12,3007.0125,2910.33625,3025.4725,2894.01
BTC,2017-06-13,2697.0775,3007.0125,3041.35833,2525.23875
BTC,2017-06-14,2780.1825,2697.0775,2802.9475,2696.4575
BTC,2017-06-15,2518.54875,2780.1825,2828.8825,2385.03125
BTC,2017-06-16,2438.61749,2518.54875,2522.3075,2185.96124
BTC,2017-06-17,2520.78375,2438.61749,2559.18874,2433.9475
BTC,2017-06-18,2680.1025,2520.78375,2707.06,2510.93874
BTC,2017-06-19,2611.67999,2680.1025,2680.1025,2522.3225
BTC,2017-06-20,2667.5475,2611.67999,2691.57375,2555.10375
BTC,2017-06-21,2805.0975,2667.5475,2822.63375,2636.05875
BTC,2017-06-22,2702.00375,2805.0975,2828.94375,2661.31125
BTC,2017-06-23,2763.29125,2702.00375,2783.75875,2643.75875
BTC,2017-06-24,2740.5925,2763.29125,2780.27,2726.04125
BTC,2017-06-25,2598.15875,2740.5925,2764.0375,2556.8225
BTC,2017-06-26,2630.59499,2598.15875,2696.88625,2530.63125
BTC,2017-06-27,2513.42999,2630.59499,2633.1075,2387.63749
BTC,2017-06-28,2556.1675,2513.42999,2597.27625,2332.60125
BTC,2017-06-29,2591.2675,2556.1675,2619.23625,2498.9325
BTC,2017-06-30,2547.3225,2591.2675,2620.84375,2530.12125
BTC,2017-07-01,2479.05499,2547.3225,2581.74125,2471.7925
BTC,2017-07-02,2424.69875,2479.05499,2547.0475,2396.01249
BTC,2017-07-03,2513.74125,2424.69875,2551.065,2410.4725
BTC,2017-07-04,2640.06125,2513.74125,2648.85624,2510.3225
BTC,2017-07-05,2588.67875,2640.06125,2659.78875,2583.3525
BTC,2017-07-06,2634.17375,2588.67875,2648.67999,2560.85
BTC,2017-07-07,2598.57,2634.17375,2638.09875,2591.9825
BTC,2017-07-08,2514.3625,2598.57,2603.47125,2482.77124
BTC,2017-07-09,2586.0425,2514.3625,2588.38125,2506.30375
BTC,2017-07-10,2524.12624,2586.0425,2590.7525,2510.28625
BTC,2017-07-11,2352.265,2524.12624,2541.55625,2314.0775
BTC,2017-07-12,2292.91375,2352.265,2428.15749,2272.31625
BTC,2017-07-13,2437.55375,2292.91375,2448.505,2292.41874
BTC,2017-07-14,2337.67875,2437.55375,2437.55375,2327.72875
BTC,2017-07-15,2109.37375,2337.67875,2372.83374,2105.24375
BTC,2017-07-16,2045.5725,2109.37375,2151.72875,1971.28375
BTC,2017-07-17,1986.9425,2045.5725,2055.7475,1836.92
BTC,2017-07-18,2189.23999,1986.9425,2246.11749,1986.9425
BTC,2017-07-19,2354.8925,2189.23999,2407.18874,2177.99375
BTC,2017-07-20,2349.355,2354.8925,2413.485,2258.1125
BTC,2017-07-21,2740.56875,2349.355,2946.36,2332.35375
BTC,2017-07-22,2738.775,2740.56875,2814.5075,2639.31374
BTC,2017-07-23,2831.67875,2738.775,2875.7775,2725.06625
BTC,2017-07-24,2772.3675,2831.67875,2836.3775,2670.76125
BTC,2017-07-25,2768.8025,2772.3675,2813.96875,2720.71125
BTC,2017-07-26,2540.20874,2768.8025,2796.92125,2485.185
BTC,2017-07-27,2570.195,2540.20874,2577.05875,2433.83125
BTC,2017-07-28,2699.72125,2570.195,2749.99875,2554.37
BTC,2017-07-29,2719.69,2699.72125,2833.2375,2682.87
BTC,2017-07-30,2714.70375,2719.69,2780.2075,2693.95875
BTC,2017-07-31,2718.6175,2714.70375,2753.33125,2615.8075
BTC,2017-08-01,2867.65375,2718.6175,2902.37125,2706.8225
BTC,2017-08-02,2739.70875,2867.65375,2925.03375,2670.16333
BTC,2017-08-03,2740.07125,2739.70875,2765.5525,2681.46875
BTC,2017-08-04,2811.71,2740.07125,2824.38,2731.19625
BTC,2017-08-05,3123.41125,2811.71,3167.555,2797.1175
BTC,2017-08-06,3254.71,3123.41125,3360.86625,3104.16875
BTC,2017-08-07,3274.6375,3254.71,3325.96625,3190.18625
BTC,2017-08-08,3474.7625,3274.6375,3476.81875,3258.405
BTC,2017-08-09,3416.185,3474.7625,3525.0375,3376.37
BTC,2017-08-10,3364.41125,3416.185,3442.98875,3280.325
BTC,2017-08-11,3451.8525,3364.41125,3474.335,3357.67125
BTC,2017-08-12,3705.43,3451.8525,3741.33125,3451.8525
BTC,2017-08-13,4104.015,3705.43,4162.5725,3701.83375
BTC,2017-08-14,4036.7575,4104.015,4225.4025,3890.005
BTC,2017-08-15,4462.67625,4036.7575,4483.54749,4036.7575
BTC,2017-08-16,4118.9025,4462.67625,4470.34375,3892.72
BTC,2017-08-17,4322.42125,4118.9025,4440.76124,3985.23375
BTC,2017-08-18,4311.685,4322.42125,4522.13,4225.5
BTC,2017-08-19,4180.23875,4311.685,4407.79625,4040.05375
BTC,2017-08-20,4139.38125,4180.23875,4235.06499,4033.53625
BTC,2017-08-21,4110.94125,4139.38125,4218.21125,4101.06125
BTC,2017-08-22,3911.27625,4110.94125,4142.63875,3884.6225
BTC,2017-08-23,4162.79249,3911.27625,4197.76124,3687.27625
BTC,2017-08-24,4178.75625,4162.79249,4299.96875,4130.925
BTC,2017-08-25,4396.03125,4178.75625,4420.35999,4165.77375
BTC,2017-08-26,4359.9025,4396.03125,4496.29249,4320.22
BTC,2017-08-27,4381.39625,4359.9025,4439.29125,4309.3125
BTC,2017-08-28,4340.46,4381.39625,4416.0225,4340.46
BTC,2017-08-29,4442.6575,4340.46,4455.04625,4239.01124
BTC,2017-08-30,4664.64375,4442.6575,4703.41749,4400.15874
BTC,2017-08-31,4676.1425,4664.64375,4707.5525,4545.5375
BTC,2017-09-01,4783.17,4676.1425,4808.12125,4654.07
BTC,2017-09-02,4864.285,4783.17,5013.9075,4726.74374
BTC,2017-09-03,4672.56875,4864.285,4902.26124,4529.37125
BTC,2017-09-04,4593.1825,4672.56875,4749.02875,4481.5225
BTC,2017-09-05,4160.535,4593.1825,4594.5775,4037.49875
BTC,2017-09-06,4517.57,4160.535,4529.58875,4111.97124
BTC,2017-09-07,4543.1025,4517.57,4666.46625,4517.57
BTC,2017-09-08,4628.6025,4543.1025,4691.97999,4506.6625
BTC,2017-09-09,4280.975,4628.6025,4698.73125,4151.6425
BTC,2017-09-10,4194.21875,4280.975,4394.51624,4161.9725
BTC,2017-09-11,4307.82625,4194.21875,4334.5075,3976.46125
BTC,2017-09-12,4295.76124,4307.82625,4310.79125,4108.475
BTC,2017-09-13,3944.58375,4295.76124,4368.22,3944.58375
BTC,2017-09-14,3817.0575,3944.58375,4053.3225,3766.36
BTC,2017-09-15,3358.10875,3817.0575,3896.7925,3209.43875
BTC,2017-09-16,3772.68375,3358.10875,3806.57875,2951.1525
BTC,2017-09-17,3608.595,3772.68375,3874.62625,3551.75875
BTC,2017-09-18,3764.6175,3608.595,3803.4125,3484.80125
BTC,2017-09-19,3976.3875,3764.6175,4080.4975,3753.3775
BTC,2017-09-20,3863.18625,3976.3875,4026.57,3847.35375
BTC,2017-09-21,3827.685,3863.18625,4021.46,3813.225
BTC,2017-09-22,3690.99125,3827.685,3890.98,3584.59125
BTC,2017-09-23,3612.1625,3690.99125,3748.705,3519.07125



